timestamp_utc,run_index,input_length_chars,cmd_template,exit_code,duration_seconds,stdout_snippet,stderr_snippet
2025-12-05T17:04:38.334915,1,65,python .\scripts\process_text.py {input_file},2,0.133414,,C:\Users\marti\AppData\Local\Programs\Python\Python310\python.exe: can't open file 'C:\\Users\\marti\\Desktop\\tfg_teleco\\proyectos\\EsAppSingLenguageAI\\scripts\\process_text.py': [Errno 2] No such file or directory 
2025-12-05T17:04:38.470332,2,51,python .\scripts\process_text.py {input_file},2,0.126817,,C:\Users\marti\AppData\Local\Programs\Python\Python310\python.exe: can't open file 'C:\\Users\\marti\\Desktop\\tfg_teleco\\proyectos\\EsAppSingLenguageAI\\scripts\\process_text.py': [Errno 2] No such file or directory 
2025-12-05T17:04:38.602148,3,70,python .\scripts\process_text.py {input_file},2,0.129734,,C:\Users\marti\AppData\Local\Programs\Python\Python310\python.exe: can't open file 'C:\\Users\\marti\\Desktop\\tfg_teleco\\proyectos\\EsAppSingLenguageAI\\scripts\\process_text.py': [Errno 2] No such file or directory 
2025-12-05T17:45:03.214338,1,17,py .\\app-back\\bench_helper.py {input_file},0,0.136582,17 ,,,C:\Users\marti\Desktop\tfg_teleco\proyectos\EsAppSingLenguageAI\app-back\logs\inputs\input_run_1764956703_1.txt
2025-12-05T17:47:14.467462,1,10,py .\\app-back\\bench_helper.py {input_file},-1,0.398457,10 ,,,"{""peak_memory_bytes"": 5332992, ""avg_cpu_percent"": 5.04, ""cpu_samples"": 5}",C:\Users\marti\Desktop\tfg_teleco\proyectos\EsAppSingLenguageAI\app-back\logs\inputs\input_run_1764956834_1.txt
2025-12-05T17:48:38.328593,1,12,py .\\app-back\\bench_helper.py {input_file},0,0.097771,12 ,,"{""timestamp_utc"": ""2025-12-05T17:48:38.431872"", ""request_id"": ""9936a208-ff69-4a21-a017-a48a0439202a"", ""endpoint"": ""py .\\\\app-back\\\\bench_helper.py {input_file}"", ""input_type"": ""text"", ""input_length_seconds"": """", ""text_length_chars"": 12, ""n_letters_rendered"": 11, ""success"": true, ""error_stage"": """", ""error_message_short"": """", ""output_video_filename"": """", ""output_video_duration_seconds"": """", ""n_poses_rendered"": """", ""t_total"": 0.097771, ""t_download"": """", ""t_extract_audio"": """", ""t_asr"": """", ""t_text_normalisation"": """", ""t_pose_sequence"": """", ""t_render"": """"}",,C:\Users\marti\Desktop\tfg_teleco\proyectos\EsAppSingLenguageAI\app-back\logs\inputs\input_run_1764956918_1.txt
2025-12-05T17:49:13.747524,1,8,py .\\app-back\\bench_helper.py {input_file},0,0.174482,8 ,,"{""timestamp_utc"": ""2025-12-05T17:49:13.923509"", ""request_id"": ""4abf83cc-119c-48b8-9b9d-cde1b766bcae"", ""endpoint"": ""py .\\\\app-back\\\\bench_helper.py {input_file}"", ""input_type"": ""text"", ""input_length_seconds"": """", ""text_length_chars"": 8, ""n_letters_rendered"": 8, ""success"": true, ""error_stage"": """", ""error_message_short"": """", ""output_video_filename"": """", ""output_video_duration_seconds"": """", ""n_poses_rendered"": """", ""t_total"": 0.174482, ""t_download"": """", ""t_extract_audio"": """", ""t_asr"": """", ""t_text_normalisation"": """", ""t_pose_sequence"": """", ""t_render"": """"}",,C:\Users\marti\Desktop\tfg_teleco\proyectos\EsAppSingLenguageAI\app-back\logs\inputs\input_run_1764956953_1.txt
2025-12-05T17:51:18.425840,1,6,py .\\app-back\\bench_helper.py {input_file},0,0.106529,6 ,,"{""timestamp_utc"": ""2025-12-05T17:51:18.533370"", ""request_id"": ""9600b06e-4a74-4464-8f8e-83c120a36f41"", ""endpoint"": ""py .\\\\app-back\\\\bench_helper.py {input_file}"", ""input_type"": ""text"", ""input_length_seconds"": """", ""text_length_chars"": 6, ""n_letters_rendered"": 5, ""success"": true, ""error_stage"": """", ""error_message_short"": """", ""output_video_filename"": """", ""output_video_duration_seconds"": """", ""n_poses_rendered"": """", ""t_total"": 0.106529, ""t_download"": """", ""t_extract_audio"": """", ""t_asr"": """", ""t_text_normalisation"": """", ""t_pose_sequence"": """", ""t_render"": """"}",,C:\Users\marti\Desktop\tfg_teleco\proyectos\EsAppSingLenguageAI\app-back\logs\inputs\input_run_1764957078_1.txt
2025-12-05T17:52:18.656217,1,50,api:text,0,50.741392,"{""video_path"":""C:\\Users\\marti\\Desktop\\tfg_teleco\\proyectos\\EsAppSingLenguageAI\\app-back\\mp\\output_mp\\render_1764957138.mp4"",""download_url"":""/download_video/render_1764957138.mp4""}",,"{""timestamp_utc"": ""2025-12-05T17:53:09.395607"", ""request_id"": ""43bf6bb3-bf2b-418e-996d-557553bb1918"", ""endpoint"": ""/generate_from_text/"", ""input_type"": ""text"", ""input_length_seconds"": """", ""text_length_chars"": ""50"", ""n_letters_rendered"": ""44"", ""success"": ""True"", ""error_stage"": """", ""error_message_short"": """", ""output_video_filename"": ""render_1764957138.mp4"", ""output_video_duration_seconds"": ""46.433333"", ""n_poses_rendered"": ""49"", ""t_total"": ""48.02154799999971"", ""t_download"": """", ""t_extract_audio"": """", ""t_asr"": """", ""t_text_normalisation"": ""0.0005449999998745625"", ""t_pose_sequence"": ""2.0700000277429353e-05"", ""t_render"": ""48.02067510000052""}",,
2025-12-05T17:58:15.517974,1,6,py .\\app-back\\bench_helper.py {input_file},0,0.109091,6 ,,"{""timestamp_utc"": ""2025-12-05T17:58:15.627065"", ""request_id"": ""a6f3aaa2-a60e-4159-9c27-0ef688a7b2f9"", ""endpoint"": ""py .\\\\app-back\\\\bench_helper.py {input_file}"", ""input_type"": ""text"", ""input_length_seconds"": """", ""text_length_chars"": 6, ""n_letters_rendered"": 6, ""success"": true, ""error_stage"": """", ""error_message_short"": """", ""output_video_filename"": """", ""output_video_duration_seconds"": """", ""n_poses_rendered"": """", ""t_total"": 0.109091, ""t_download"": """", ""t_extract_audio"": """", ""t_asr"": """", ""t_text_normalisation"": """", ""t_pose_sequence"": """", ""t_render"": """"}",,C:\Users\marti\Desktop\tfg_teleco\proyectos\EsAppSingLenguageAI\app-back\logs\inputs\input_run_1764957495_1.txt
2025-12-05T17:58:15.640756,2,6,py .\\app-back\\bench_helper.py {input_file},0,0.101364,6 ,,"{""timestamp_utc"": ""2025-12-05T17:58:15.743121"", ""request_id"": ""af5f2ccd-db35-4175-b595-822a280c5679"", ""endpoint"": ""py .\\\\app-back\\\\bench_helper.py {input_file}"", ""input_type"": ""text"", ""input_length_seconds"": """", ""text_length_chars"": 6, ""n_letters_rendered"": 4, ""success"": true, ""error_stage"": """", ""error_message_short"": """", ""output_video_filename"": """", ""output_video_duration_seconds"": """", ""n_poses_rendered"": """", ""t_total"": 0.101364, ""t_download"": """", ""t_extract_audio"": """", ""t_asr"": """", ""t_text_normalisation"": """", ""t_pose_sequence"": """", ""t_render"": """"}",,C:\Users\marti\Desktop\tfg_teleco\proyectos\EsAppSingLenguageAI\app-back\logs\inputs\input_run_1764957495_2.txt
2025-12-05T18:00:21.866372,1,66,py .\app-back\bench_helper.py {input_file},-1,0.148929,66 ,,"{""timestamp_utc"": ""2025-12-05T18:00:22.016299"", ""request_id"": ""b5bd348a-e935-4c3d-a4f0-ce088ecbc430"", ""endpoint"": ""py .\\app-back\\bench_helper.py {input_file}"", ""input_type"": ""text"", ""input_length_seconds"": """", ""text_length_chars"": 66, ""n_letters_rendered"": 58, ""success"": false, ""error_stage"": ""run"", ""error_message_short"": """", ""output_video_filename"": """", ""output_video_duration_seconds"": """", ""n_poses_rendered"": """", ""t_total"": 0.148929, ""t_download"": """", ""t_extract_audio"": """", ""t_asr"": """", ""t_text_normalisation"": """", ""t_pose_sequence"": """", ""t_render"": """"}","{""peak_memory_bytes"": 4902912, ""avg_cpu_percent"": 12.4, ""cpu_samples"": 2}",C:\Users\marti\Desktop\tfg_teleco\proyectos\EsAppSingLenguageAI\app-back\logs\inputs\input_run_1764957622_1.txt
2025-12-05T18:00:22.027319,2,54,py .\app-back\bench_helper.py {input_file},-1,0.128797,54 ,,"{""timestamp_utc"": ""2025-12-05T18:00:22.156441"", ""request_id"": ""f1a03864-b7a4-4cfb-aa4c-0f93fca632a9"", ""endpoint"": ""py .\\app-back\\bench_helper.py {input_file}"", ""input_type"": ""text"", ""input_length_seconds"": """", ""text_length_chars"": 54, ""n_letters_rendered"": 54, ""success"": false, ""error_stage"": ""run"", ""error_message_short"": """", ""output_video_filename"": """", ""output_video_duration_seconds"": """", ""n_poses_rendered"": """", ""t_total"": 0.128797, ""t_download"": """", ""t_extract_audio"": """", ""t_asr"": """", ""t_text_normalisation"": """", ""t_pose_sequence"": """", ""t_render"": """"}","{""peak_memory_bytes"": 4898816, ""avg_cpu_percent"": 12.6, ""cpu_samples"": 2}",C:\Users\marti\Desktop\tfg_teleco\proyectos\EsAppSingLenguageAI\app-back\logs\inputs\input_run_1764957622_2.txt
2025-12-05T18:00:22.168003,3,57,py .\app-back\bench_helper.py {input_file},-1,0.128679,57 ,,"{""timestamp_utc"": ""2025-12-05T18:00:22.297670"", ""request_id"": ""6adf0263-4f95-407d-a5ac-3d471ea713b6"", ""endpoint"": ""py .\\app-back\\bench_helper.py {input_file}"", ""input_type"": ""text"", ""input_length_seconds"": """", ""text_length_chars"": 57, ""n_letters_rendered"": 52, ""success"": false, ""error_stage"": ""run"", ""error_message_short"": """", ""output_video_filename"": """", ""output_video_duration_seconds"": """", ""n_poses_rendered"": """", ""t_total"": 0.128679, ""t_download"": """", ""t_extract_audio"": """", ""t_asr"": """", ""t_text_normalisation"": """", ""t_pose_sequence"": """", ""t_render"": """"}","{""peak_memory_bytes"": 4898816, ""avg_cpu_percent"": 0.0, ""cpu_samples"": 2}",C:\Users\marti\Desktop\tfg_teleco\proyectos\EsAppSingLenguageAI\app-back\logs\inputs\input_run_1764957622_3.txt
2025-12-05T18:00:22.307696,4,59,py .\app-back\bench_helper.py {input_file},-1,0.128879,59 ,,"{""timestamp_utc"": ""2025-12-05T18:00:22.438575"", ""request_id"": ""838dc036-f4fc-4e0e-96e0-db20116b74bf"", ""endpoint"": ""py .\\app-back\\bench_helper.py {input_file}"", ""input_type"": ""text"", ""input_length_seconds"": """", ""text_length_chars"": 59, ""n_letters_rendered"": 58, ""success"": false, ""error_stage"": ""run"", ""error_message_short"": """", ""output_video_filename"": """", ""output_video_duration_seconds"": """", ""n_poses_rendered"": """", ""t_total"": 0.128879, ""t_download"": """", ""t_extract_audio"": """", ""t_asr"": """", ""t_text_normalisation"": """", ""t_pose_sequence"": """", ""t_render"": """"}","{""peak_memory_bytes"": 4898816, ""avg_cpu_percent"": 12.4, ""cpu_samples"": 2}",C:\Users\marti\Desktop\tfg_teleco\proyectos\EsAppSingLenguageAI\app-back\logs\inputs\input_run_1764957622_4.txt
2025-12-05T18:00:22.449315,5,67,py .\app-back\bench_helper.py {input_file},-1,0.129182,67 ,,"{""timestamp_utc"": ""2025-12-05T18:00:22.579499"", ""request_id"": ""8467b7cb-26ff-40df-a686-b6c5467ec220"", ""endpoint"": ""py .\\app-back\\bench_helper.py {input_file}"", ""input_type"": ""text"", ""input_length_seconds"": """", ""text_length_chars"": 67, ""n_letters_rendered"": 62, ""success"": false, ""error_stage"": ""run"", ""error_message_short"": """", ""output_video_filename"": """", ""output_video_duration_seconds"": """", ""n_poses_rendered"": """", ""t_total"": 0.129182, ""t_download"": """", ""t_extract_audio"": """", ""t_asr"": """", ""t_text_normalisation"": """", ""t_pose_sequence"": """", ""t_render"": """"}","{""peak_memory_bytes"": 4902912, ""avg_cpu_percent"": 12.6, ""cpu_samples"": 2}",C:\Users\marti\Desktop\tfg_teleco\proyectos\EsAppSingLenguageAI\app-back\logs\inputs\input_run_1764957622_5.txt
2025-12-05T18:00:22.591170,6,69,py .\app-back\bench_helper.py {input_file},-1,0.125740,69 ,,"{""timestamp_utc"": ""2025-12-05T18:00:22.718911"", ""request_id"": ""0f459b37-5b9f-4294-af3f-c90155ab1733"", ""endpoint"": ""py .\\app-back\\bench_helper.py {input_file}"", ""input_type"": ""text"", ""input_length_seconds"": """", ""text_length_chars"": 69, ""n_letters_rendered"": 62, ""success"": false, ""error_stage"": ""run"", ""error_message_short"": """", ""output_video_filename"": """", ""output_video_duration_seconds"": """", ""n_poses_rendered"": """", ""t_total"": 0.12574, ""t_download"": """", ""t_extract_audio"": """", ""t_asr"": """", ""t_text_normalisation"": """", ""t_pose_sequence"": """", ""t_render"": """"}","{""peak_memory_bytes"": 4898816, ""avg_cpu_percent"": 12.4, ""cpu_samples"": 2}",C:\Users\marti\Desktop\tfg_teleco\proyectos\EsAppSingLenguageAI\app-back\logs\inputs\input_run_1764957622_6.txt
2025-12-05T18:00:22.728151,7,55,py .\app-back\bench_helper.py {input_file},-1,0.130687,55 ,,"{""timestamp_utc"": ""2025-12-05T18:00:22.860844"", ""request_id"": ""eb225935-6688-479c-8abb-379273c0568c"", ""endpoint"": ""py .\\app-back\\bench_helper.py {input_file}"", ""input_type"": ""text"", ""input_length_seconds"": """", ""text_length_chars"": 55, ""n_letters_rendered"": 49, ""success"": false, ""error_stage"": ""run"", ""error_message_short"": """", ""output_video_filename"": """", ""output_video_duration_seconds"": """", ""n_poses_rendered"": """", ""t_total"": 0.130687, ""t_download"": """", ""t_extract_audio"": """", ""t_asr"": """", ""t_text_normalisation"": """", ""t_pose_sequence"": """", ""t_render"": """"}","{""peak_memory_bytes"": 4898816, ""avg_cpu_percent"": 12.4, ""cpu_samples"": 2}",C:\Users\marti\Desktop\tfg_teleco\proyectos\EsAppSingLenguageAI\app-back\logs\inputs\input_run_1764957622_7.txt
2025-12-05T18:00:22.870374,8,52,py .\app-back\bench_helper.py {input_file},-1,0.127890,52 ,,"{""timestamp_utc"": ""2025-12-05T18:00:23.000264"", ""request_id"": ""39ad0802-25c4-4f8b-9647-3657f7227409"", ""endpoint"": ""py .\\app-back\\bench_helper.py {input_file}"", ""input_type"": ""text"", ""input_length_seconds"": """", ""text_length_chars"": 52, ""n_letters_rendered"": 46, ""success"": false, ""error_stage"": ""run"", ""error_message_short"": """", ""output_video_filename"": """", ""output_video_duration_seconds"": """", ""n_poses_rendered"": """", ""t_total"": 0.12789, ""t_download"": """", ""t_extract_audio"": """", ""t_asr"": """", ""t_text_normalisation"": """", ""t_pose_sequence"": """", ""t_render"": """"}","{""peak_memory_bytes"": 4902912, ""avg_cpu_percent"": 12.6, ""cpu_samples"": 2}",C:\Users\marti\Desktop\tfg_teleco\proyectos\EsAppSingLenguageAI\app-back\logs\inputs\input_run_1764957622_8.txt
2025-12-05T18:00:23.009985,9,62,py .\app-back\bench_helper.py {input_file},-1,0.128850,62 ,,"{""timestamp_utc"": ""2025-12-05T18:00:23.139815"", ""request_id"": ""e405386c-7864-4219-9bb4-2987f10adcc1"", ""endpoint"": ""py .\\app-back\\bench_helper.py {input_file}"", ""input_type"": ""text"", ""input_length_seconds"": """", ""text_length_chars"": 62, ""n_letters_rendered"": 59, ""success"": false, ""error_stage"": ""run"", ""error_message_short"": """", ""output_video_filename"": """", ""output_video_duration_seconds"": """", ""n_poses_rendered"": """", ""t_total"": 0.12885, ""t_download"": """", ""t_extract_audio"": """", ""t_asr"": """", ""t_text_normalisation"": """", ""t_pose_sequence"": """", ""t_render"": """"}","{""peak_memory_bytes"": 4902912, ""avg_cpu_percent"": 12.4, ""cpu_samples"": 2}",C:\Users\marti\Desktop\tfg_teleco\proyectos\EsAppSingLenguageAI\app-back\logs\inputs\input_run_1764957623_9.txt
2025-12-05T18:00:23.150839,10,51,py .\app-back\bench_helper.py {input_file},-1,0.128261,51 ,,"{""timestamp_utc"": ""2025-12-05T18:00:23.280095"", ""request_id"": ""0d5fdaf3-99cc-4fb0-8fff-8551470b909f"", ""endpoint"": ""py .\\app-back\\bench_helper.py {input_file}"", ""input_type"": ""text"", ""input_length_seconds"": """", ""text_length_chars"": 51, ""n_letters_rendered"": 50, ""success"": false, ""error_stage"": ""run"", ""error_message_short"": """", ""output_video_filename"": """", ""output_video_duration_seconds"": """", ""n_poses_rendered"": """", ""t_total"": 0.128261, ""t_download"": """", ""t_extract_audio"": """", ""t_asr"": """", ""t_text_normalisation"": """", ""t_pose_sequence"": """", ""t_render"": """"}","{""peak_memory_bytes"": 4898816, ""avg_cpu_percent"": 12.6, ""cpu_samples"": 2}",C:\Users\marti\Desktop\tfg_teleco\proyectos\EsAppSingLenguageAI\app-back\logs\inputs\input_run_1764957623_10.txt
2025-12-05T18:00:37.148233,1,95,py .\app-back\bench_helper.py {input_file},0,0.095045,95 ,,"{""timestamp_utc"": ""2025-12-05T18:00:37.243278"", ""request_id"": ""a57441f0-3629-4933-8a9d-acbcd3d3599c"", ""endpoint"": ""py .\\app-back\\bench_helper.py {input_file}"", ""input_type"": ""text"", ""input_length_seconds"": """", ""text_length_chars"": 95, ""n_letters_rendered"": 86, ""success"": true, ""error_stage"": """", ""error_message_short"": """", ""output_video_filename"": """", ""output_video_duration_seconds"": """", ""n_poses_rendered"": """", ""t_total"": 0.095045, ""t_download"": """", ""t_extract_audio"": """", ""t_asr"": """", ""t_text_normalisation"": """", ""t_pose_sequence"": """", ""t_render"": """"}",,C:\Users\marti\Desktop\tfg_teleco\proyectos\EsAppSingLenguageAI\app-back\logs\inputs\input_run_1764957637_1.txt
2025-12-05T18:00:37.255172,2,65,py .\app-back\bench_helper.py {input_file},0,0.098263,65 ,,"{""timestamp_utc"": ""2025-12-05T18:00:37.353947"", ""request_id"": ""f22a879f-b786-4287-a25b-aef06b9ea4c0"", ""endpoint"": ""py .\\app-back\\bench_helper.py {input_file}"", ""input_type"": ""text"", ""input_length_seconds"": """", ""text_length_chars"": 65, ""n_letters_rendered"": 60, ""success"": true, ""error_stage"": """", ""error_message_short"": """", ""output_video_filename"": """", ""output_video_duration_seconds"": """", ""n_poses_rendered"": """", ""t_total"": 0.098263, ""t_download"": """", ""t_extract_audio"": """", ""t_asr"": """", ""t_text_normalisation"": """", ""t_pose_sequence"": """", ""t_render"": """"}",,C:\Users\marti\Desktop\tfg_teleco\proyectos\EsAppSingLenguageAI\app-back\logs\inputs\input_run_1764957637_2.txt
2025-12-05T18:00:37.364971,3,55,py .\app-back\bench_helper.py {input_file},0,0.093337,55 ,,"{""timestamp_utc"": ""2025-12-05T18:00:37.459308"", ""request_id"": ""16eaa47b-e018-45c3-9fc5-4ea5d12371ab"", ""endpoint"": ""py .\\app-back\\bench_helper.py {input_file}"", ""input_type"": ""text"", ""input_length_seconds"": """", ""text_length_chars"": 55, ""n_letters_rendered"": 47, ""success"": true, ""error_stage"": """", ""error_message_short"": """", ""output_video_filename"": """", ""output_video_duration_seconds"": """", ""n_poses_rendered"": """", ""t_total"": 0.093337, ""t_download"": """", ""t_extract_audio"": """", ""t_asr"": """", ""t_text_normalisation"": """", ""t_pose_sequence"": """", ""t_render"": """"}",,C:\Users\marti\Desktop\tfg_teleco\proyectos\EsAppSingLenguageAI\app-back\logs\inputs\input_run_1764957637_3.txt
2025-12-05T18:00:37.470571,4,74,py .\app-back\bench_helper.py {input_file},0,0.094424,74 ,,"{""timestamp_utc"": ""2025-12-05T18:00:37.565994"", ""request_id"": ""58f4ac43-624b-4392-8521-b9420eb7741f"", ""endpoint"": ""py .\\app-back\\bench_helper.py {input_file}"", ""input_type"": ""text"", ""input_length_seconds"": """", ""text_length_chars"": 74, ""n_letters_rendered"": 69, ""success"": true, ""error_stage"": """", ""error_message_short"": """", ""output_video_filename"": """", ""output_video_duration_seconds"": """", ""n_poses_rendered"": """", ""t_total"": 0.094424, ""t_download"": """", ""t_extract_audio"": """", ""t_asr"": """", ""t_text_normalisation"": """", ""t_pose_sequence"": """", ""t_render"": """"}",,C:\Users\marti\Desktop\tfg_teleco\proyectos\EsAppSingLenguageAI\app-back\logs\inputs\input_run_1764957637_4.txt
2025-12-05T18:00:37.576836,5,59,py .\app-back\bench_helper.py {input_file},0,0.097236,59 ,,"{""timestamp_utc"": ""2025-12-05T18:00:37.675077"", ""request_id"": ""a864edc2-2614-4055-b635-ca5626be5b6c"", ""endpoint"": ""py .\\app-back\\bench_helper.py {input_file}"", ""input_type"": ""text"", ""input_length_seconds"": """", ""text_length_chars"": 59, ""n_letters_rendered"": 57, ""success"": true, ""error_stage"": """", ""error_message_short"": """", ""output_video_filename"": """", ""output_video_duration_seconds"": """", ""n_poses_rendered"": """", ""t_total"": 0.097236, ""t_download"": """", ""t_extract_audio"": """", ""t_asr"": """", ""t_text_normalisation"": """", ""t_pose_sequence"": """", ""t_render"": """"}",,C:\Users\marti\Desktop\tfg_teleco\proyectos\EsAppSingLenguageAI\app-back\logs\inputs\input_run_1764957637_5.txt
2025-12-05T18:01:02.420913,1,67,api:text,0,57.978433,"{""video_path"":""C:\\Users\\marti\\Desktop\\tfg_teleco\\proyectos\\EsAppSingLenguageAI\\app-back\\mp\\output_mp\\render_1764957662.mp4"",""download_url"":""/download_video/render_1764957662.mp4""}",,"{""timestamp_utc"": ""2025-12-05T18:02:00.397347"", ""request_id"": ""ae98a1d0-6595-44d8-8412-8b20c2aa1fe3"", ""endpoint"": ""/generate_from_text/"", ""input_type"": ""text"", ""input_length_seconds"": """", ""text_length_chars"": ""67"", ""n_letters_rendered"": ""60"", ""success"": ""True"", ""error_stage"": """", ""error_message_short"": """", ""output_video_filename"": ""render_1764957662.mp4"", ""output_video_duration_seconds"": ""54.866667"", ""n_poses_rendered"": ""66"", ""t_total"": ""57.7222127999994"", ""t_download"": """", ""t_extract_audio"": """", ""t_asr"": """", ""t_text_normalisation"": ""3.310000010969816e-05"", ""t_pose_sequence"": ""2.4400000256719068e-05"", ""t_render"": ""57.721675400000095""}",,C:\Users\marti\Desktop\tfg_teleco\proyectos\EsAppSingLenguageAI\app-back\logs\inputs\input_run_1764957720_1.txt
2025-12-05T18:02:00.411866,2,91,api:text,0,83.689260,"{""video_path"":""C:\\Users\\marti\\Desktop\\tfg_teleco\\proyectos\\EsAppSingLenguageAI\\app-back\\mp\\output_mp\\render_1764957720.mp4"",""download_url"":""/download_video/render_1764957720.mp4""}",,"{""timestamp_utc"": ""2025-12-05T18:03:24.099125"", ""request_id"": ""d2e5fec0-3a94-4179-bfb3-37dd4813473c"", ""endpoint"": ""/generate_from_text/"", ""input_type"": ""text"", ""input_length_seconds"": """", ""text_length_chars"": ""91"", ""n_letters_rendered"": ""81"", ""success"": ""True"", ""error_stage"": """", ""error_message_short"": """", ""output_video_filename"": ""render_1764957720.mp4"", ""output_video_duration_seconds"": ""84.766667"", ""n_poses_rendered"": ""91"", ""t_total"": ""83.63480179999988"", ""t_download"": """", ""t_extract_audio"": """", ""t_asr"": """", ""t_text_normalisation"": ""2.9800000447721686e-05"", ""t_pose_sequence"": ""3.0299999707494862e-05"", ""t_render"": ""83.63446289999956""}",,C:\Users\marti\Desktop\tfg_teleco\proyectos\EsAppSingLenguageAI\app-back\logs\inputs\input_run_1764957804_2.txt
2025-12-05T18:03:24.113458,3,94,api:text,0,81.396061,"{""video_path"":""C:\\Users\\marti\\Desktop\\tfg_teleco\\proyectos\\EsAppSingLenguageAI\\app-back\\mp\\output_mp\\render_1764957804.mp4"",""download_url"":""/download_video/render_1764957804.mp4""}",,"{""timestamp_utc"": ""2025-12-05T18:04:45.508517"", ""request_id"": ""e35312a1-0215-485f-86db-8e7ae6209005"", ""endpoint"": ""/generate_from_text/"", ""input_type"": ""text"", ""input_length_seconds"": """", ""text_length_chars"": ""94"", ""n_letters_rendered"": ""87"", ""success"": ""True"", ""error_stage"": """", ""error_message_short"": """", ""output_video_filename"": ""render_1764957804.mp4"", ""output_video_duration_seconds"": ""82.333333"", ""n_poses_rendered"": ""94"", ""t_total"": ""81.30789189999996"", ""t_download"": """", ""t_extract_audio"": """", ""t_asr"": """", ""t_text_normalisation"": ""4.850000004807953e-05"", ""t_pose_sequence"": ""4.660000013245735e-05"", ""t_render"": ""81.30735910000021""}",,C:\Users\marti\Desktop\tfg_teleco\proyectos\EsAppSingLenguageAI\app-back\logs\inputs\input_run_1764957885_3.txt
2025-12-05T18:04:45.523046,4,98,api:text,0,90.695560,"{""video_path"":""C:\\Users\\marti\\Desktop\\tfg_teleco\\proyectos\\EsAppSingLenguageAI\\app-back\\mp\\output_mp\\render_1764957885.mp4"",""download_url"":""/download_video/render_1764957885.mp4""}",,"{""timestamp_utc"": ""2025-12-05T18:06:16.216605"", ""request_id"": ""21099643-a98a-463d-b4f9-bea52f77e038"", ""endpoint"": ""/generate_from_text/"", ""input_type"": ""text"", ""input_length_seconds"": """", ""text_length_chars"": ""98"", ""n_letters_rendered"": ""90"", ""success"": ""True"", ""error_stage"": """", ""error_message_short"": """", ""output_video_filename"": ""render_1764957885.mp4"", ""output_video_duration_seconds"": ""90.966667"", ""n_poses_rendered"": ""98"", ""t_total"": ""90.63293009999961"", ""t_download"": """", ""t_extract_audio"": """", ""t_asr"": """", ""t_text_normalisation"": ""3.310000010969816e-05"", ""t_pose_sequence"": ""3.699999979289714e-05"", ""t_render"": ""90.63255070000014""}",,C:\Users\marti\Desktop\tfg_teleco\proyectos\EsAppSingLenguageAI\app-back\logs\inputs\input_run_1764957976_4.txt
2025-12-05T18:06:16.229942,5,85,api:text,0,70.311017,"{""video_path"":""C:\\Users\\marti\\Desktop\\tfg_teleco\\proyectos\\EsAppSingLenguageAI\\app-back\\mp\\output_mp\\render_1764957976.mp4"",""download_url"":""/download_video/render_1764957976.mp4""}",,"{""timestamp_utc"": ""2025-12-05T18:07:26.538959"", ""request_id"": ""5fe49883-6ce8-4a99-bc6c-61cb1b1f9501"", ""endpoint"": ""/generate_from_text/"", ""input_type"": ""text"", ""input_length_seconds"": """", ""text_length_chars"": ""85"", ""n_letters_rendered"": ""75"", ""success"": ""True"", ""error_stage"": """", ""error_message_short"": """", ""output_video_filename"": ""render_1764957976.mp4"", ""output_video_duration_seconds"": ""72.233333"", ""n_poses_rendered"": ""85"", ""t_total"": ""70.24753919999966"", ""t_download"": """", ""t_extract_audio"": """", ""t_asr"": """", ""t_text_normalisation"": ""3.3600000278966036e-05"", ""t_pose_sequence"": ""3.310000010969816e-05"", ""t_render"": ""70.24716959999932""}",,C:\Users\marti\Desktop\tfg_teleco\proyectos\EsAppSingLenguageAI\app-back\logs\inputs\input_run_1764958046_5.txt
2025-12-05T18:07:26.554064,6,68,api:text,0,62.101235,"{""video_path"":""C:\\Users\\marti\\Desktop\\tfg_teleco\\proyectos\\EsAppSingLenguageAI\\app-back\\mp\\output_mp\\render_1764958046.mp4"",""download_url"":""/download_video/render_1764958046.mp4""}",,"{""timestamp_utc"": ""2025-12-05T18:08:28.653859"", ""request_id"": ""cd06f58a-59a4-4b60-be29-09035859d5a1"", ""endpoint"": ""/generate_from_text/"", ""input_type"": ""text"", ""input_length_seconds"": """", ""text_length_chars"": ""68"", ""n_letters_rendered"": ""63"", ""success"": ""True"", ""error_stage"": """", ""error_message_short"": """", ""output_video_filename"": ""render_1764958046.mp4"", ""output_video_duration_seconds"": ""61.033333"", ""n_poses_rendered"": ""68"", ""t_total"": ""62.048455099999956"", ""t_download"": """", ""t_extract_audio"": """", ""t_asr"": """", ""t_text_normalisation"": ""3.110000034212135e-05"", ""t_pose_sequence"": ""2.700000004551839e-05"", ""t_render"": ""62.0480993000001""}",,C:\Users\marti\Desktop\tfg_teleco\proyectos\EsAppSingLenguageAI\app-back\logs\inputs\input_run_1764958108_6.txt
2025-12-05T18:08:28.668831,7,54,api:text,0,48.576706,"{""video_path"":""C:\\Users\\marti\\Desktop\\tfg_teleco\\proyectos\\EsAppSingLenguageAI\\app-back\\mp\\output_mp\\render_1764958108.mp4"",""download_url"":""/download_video/render_1764958108.mp4""}",,"{""timestamp_utc"": ""2025-12-05T18:09:17.243164"", ""request_id"": ""30d358af-9348-42a1-87fb-d9048464b62b"", ""endpoint"": ""/generate_from_text/"", ""input_type"": ""text"", ""input_length_seconds"": """", ""text_length_chars"": ""54"", ""n_letters_rendered"": ""51"", ""success"": ""True"", ""error_stage"": """", ""error_message_short"": """", ""output_video_filename"": ""render_1764958108.mp4"", ""output_video_duration_seconds"": ""49.233333"", ""n_poses_rendered"": ""54"", ""t_total"": ""48.50467050000043"", ""t_download"": """", ""t_extract_audio"": """", ""t_asr"": """", ""t_text_normalisation"": ""2.6599999728205148e-05"", ""t_pose_sequence"": ""2.1500000002561137e-05"", ""t_render"": ""48.504268600000614""}",,C:\Users\marti\Desktop\tfg_teleco\proyectos\EsAppSingLenguageAI\app-back\logs\inputs\input_run_1764958157_7.txt
2025-12-05T18:09:17.257533,8,81,api:text,0,73.368363,"{""video_path"":""C:\\Users\\marti\\Desktop\\tfg_teleco\\proyectos\\EsAppSingLenguageAI\\app-back\\mp\\output_mp\\render_1764958157.mp4"",""download_url"":""/download_video/render_1764958157.mp4""}",,"{""timestamp_utc"": ""2025-12-05T18:10:30.623887"", ""request_id"": ""8d639cdd-8eba-49c2-943a-08dac7555bbd"", ""endpoint"": ""/generate_from_text/"", ""input_type"": ""text"", ""input_length_seconds"": """", ""text_length_chars"": ""81"", ""n_letters_rendered"": ""73"", ""success"": ""True"", ""error_stage"": """", ""error_message_short"": """", ""output_video_filename"": ""render_1764958157.mp4"", ""output_video_duration_seconds"": ""73.433333"", ""n_poses_rendered"": ""78"", ""t_total"": ""73.30771749999985"", ""t_download"": """", ""t_extract_audio"": """", ""t_asr"": """", ""t_text_normalisation"": ""2.8700000257231295e-05"", ""t_pose_sequence"": ""2.89999998130952e-05"", ""t_render"": ""73.3073500999999""}",,C:\Users\marti\Desktop\tfg_teleco\proyectos\EsAppSingLenguageAI\app-back\logs\inputs\input_run_1764958230_8.txt
2025-12-05T18:10:30.637924,9,77,api:text,0,72.431242,"{""video_path"":""C:\\Users\\marti\\Desktop\\tfg_teleco\\proyectos\\EsAppSingLenguageAI\\app-back\\mp\\output_mp\\render_1764958230.mp4"",""download_url"":""/download_video/render_1764958230.mp4""}",,"{""timestamp_utc"": ""2025-12-05T18:11:43.067161"", ""request_id"": ""ec210124-8b37-4147-ae3e-c060ea347b8d"", ""endpoint"": ""/generate_from_text/"", ""input_type"": ""text"", ""input_length_seconds"": """", ""text_length_chars"": ""77"", ""n_letters_rendered"": ""74"", ""success"": ""True"", ""error_stage"": """", ""error_message_short"": """", ""output_video_filename"": ""render_1764958230.mp4"", ""output_video_duration_seconds"": ""75.6"", ""n_poses_rendered"": ""77"", ""t_total"": ""72.3656974000005"", ""t_download"": """", ""t_extract_audio"": """", ""t_asr"": """", ""t_text_normalisation"": ""2.769999991869554e-05"", ""t_pose_sequence"": ""2.949999998236308e-05"", ""t_render"": ""72.36536239999987""}",,C:\Users\marti\Desktop\tfg_teleco\proyectos\EsAppSingLenguageAI\app-back\logs\inputs\input_run_1764958303_9.txt
2025-12-05T18:11:43.082227,10,65,api:text,0,56.104419,"{""video_path"":""C:\\Users\\marti\\Desktop\\tfg_teleco\\proyectos\\EsAppSingLenguageAI\\app-back\\mp\\output_mp\\render_1764958303.mp4"",""download_url"":""/download_video/render_1764958303.mp4""}",,"{""timestamp_utc"": ""2025-12-05T18:12:39.184642"", ""request_id"": ""73e6eafa-b6d8-4af1-9849-f3486e671d79"", ""endpoint"": ""/generate_from_text/"", ""input_type"": ""text"", ""input_length_seconds"": """", ""text_length_chars"": ""65"", ""n_letters_rendered"": ""54"", ""success"": ""True"", ""error_stage"": """", ""error_message_short"": """", ""output_video_filename"": ""render_1764958303.mp4"", ""output_video_duration_seconds"": ""58.366667"", ""n_poses_rendered"": ""63"", ""t_total"": ""56.0452322000001"", ""t_download"": """", ""t_extract_audio"": """", ""t_asr"": """", ""t_text_normalisation"": ""2.6599999728205148e-05"", ""t_pose_sequence"": ""2.5099999220401514e-05"", ""t_render"": ""56.04486409999936""}",,C:\Users\marti\Desktop\tfg_teleco\proyectos\EsAppSingLenguageAI\app-back\logs\inputs\input_run_1764958359_10.txt
2025-12-05T18:15:26.584902,1,91,api:text,0,75.812628,"{""video_path"":""C:\\Users\\marti\\Desktop\\tfg_teleco\\proyectos\\EsAppSingLenguageAI\\app-back\\mp\\output_mp\\render_1764958526.mp4"",""download_url"":""/download_video/render_1764958526.mp4""}",,"{""timestamp_utc"": ""2025-12-05T18:16:42.395523"", ""request_id"": ""f23c9ec8-35dd-4eb8-b8d2-5e1dfe99e851"", ""endpoint"": ""/generate_from_text/"", ""input_type"": ""text"", ""input_length_seconds"": """", ""text_length_chars"": ""91"", ""n_letters_rendered"": ""82"", ""success"": ""True"", ""error_stage"": """", ""error_message_short"": """", ""output_video_filename"": ""render_1764958526.mp4"", ""output_video_duration_seconds"": ""77.233333"", ""n_poses_rendered"": ""87"", ""t_total"": ""75.6041266000002"", ""t_download"": """", ""t_extract_audio"": """", ""t_asr"": """", ""t_text_normalisation"": ""3.0499999411404133e-05"", ""t_pose_sequence"": ""4.11000000895001e-05"", ""t_render"": ""75.60377719999997""}",,C:\Users\marti\Desktop\tfg_teleco\proyectos\EsAppSingLenguageAI\app-back\logs\inputs\input_run_1764958602_1.txt
2025-12-05T18:16:42.411555,2,61,api:text,0,46.758246,"{""video_path"":""C:\\Users\\marti\\Desktop\\tfg_teleco\\proyectos\\EsAppSingLenguageAI\\app-back\\mp\\output_mp\\render_1764958602.mp4"",""download_url"":""/download_video/render_1764958602.mp4""}",,"{""timestamp_utc"": ""2025-12-05T18:17:29.167801"", ""request_id"": ""52b0009d-73e8-4349-a81d-f5980ba9d217"", ""endpoint"": ""/generate_from_text/"", ""input_type"": ""text"", ""input_length_seconds"": """", ""text_length_chars"": ""61"", ""n_letters_rendered"": ""57"", ""success"": ""True"", ""error_stage"": """", ""error_message_short"": """", ""output_video_filename"": ""render_1764958602.mp4"", ""output_video_duration_seconds"": ""49.1"", ""n_poses_rendered"": ""61"", ""t_total"": ""46.7055105999998"", ""t_download"": """", ""t_extract_audio"": """", ""t_asr"": """", ""t_text_normalisation"": ""9.060000047611538e-05"", ""t_pose_sequence"": ""2.700000004551839e-05"", ""t_render"": ""46.705074200000126""}",,C:\Users\marti\Desktop\tfg_teleco\proyectos\EsAppSingLenguageAI\app-back\logs\inputs\input_run_1764958649_2.txt
2025-12-05T18:17:29.183115,3,80,api:text,0,66.307389,"{""video_path"":""C:\\Users\\marti\\Desktop\\tfg_teleco\\proyectos\\EsAppSingLenguageAI\\app-back\\mp\\output_mp\\render_1764958649.mp4"",""download_url"":""/download_video/render_1764958649.mp4""}",,"{""timestamp_utc"": ""2025-12-05T18:18:35.488502"", ""request_id"": ""f484710e-b7e5-4db8-b295-29d16e67ea0b"", ""endpoint"": ""/generate_from_text/"", ""input_type"": ""text"", ""input_length_seconds"": """", ""text_length_chars"": ""80"", ""n_letters_rendered"": ""71"", ""success"": ""True"", ""error_stage"": """", ""error_message_short"": """", ""output_video_filename"": ""render_1764958649.mp4"", ""output_video_duration_seconds"": ""69.933333"", ""n_poses_rendered"": ""79"", ""t_total"": ""66.22049950000019"", ""t_download"": """", ""t_extract_audio"": """", ""t_asr"": """", ""t_text_normalisation"": ""3.1799999305803794e-05"", ""t_pose_sequence"": ""2.8599999495781958e-05"", ""t_render"": ""66.22014880000006""}",,C:\Users\marti\Desktop\tfg_teleco\proyectos\EsAppSingLenguageAI\app-back\logs\inputs\input_run_1764958715_3.txt
2025-12-05T18:18:35.503040,4,77,api:text,0,66.151458,"{""video_path"":""C:\\Users\\marti\\Desktop\\tfg_teleco\\proyectos\\EsAppSingLenguageAI\\app-back\\mp\\output_mp\\render_1764958715.mp4"",""download_url"":""/download_video/render_1764958715.mp4""}",,"{""timestamp_utc"": ""2025-12-05T18:19:41.652012"", ""request_id"": ""2216f493-7718-44d4-a158-38f891b8f5f1"", ""endpoint"": ""/generate_from_text/"", ""input_type"": ""text"", ""input_length_seconds"": """", ""text_length_chars"": ""77"", ""n_letters_rendered"": ""71"", ""success"": ""True"", ""error_stage"": """", ""error_message_short"": """", ""output_video_filename"": ""render_1764958715.mp4"", ""output_video_duration_seconds"": ""69.666667"", ""n_poses_rendered"": ""77"", ""t_total"": ""66.08100720000039"", ""t_download"": """", ""t_extract_audio"": """", ""t_asr"": """", ""t_text_normalisation"": ""2.880000010918593e-05"", ""t_pose_sequence"": ""2.9400000130408444e-05"", ""t_render"": ""66.08072339999944""}",,C:\Users\marti\Desktop\tfg_teleco\proyectos\EsAppSingLenguageAI\app-back\logs\inputs\input_run_1764958781_4.txt
2025-12-05T18:19:41.668240,5,59,api:text,0,52.124811,"{""video_path"":""C:\\Users\\marti\\Desktop\\tfg_teleco\\proyectos\\EsAppSingLenguageAI\\app-back\\mp\\output_mp\\render_1764958781.mp4"",""download_url"":""/download_video/render_1764958781.mp4""}",,"{""timestamp_utc"": ""2025-12-05T18:20:33.791048"", ""request_id"": ""2c84664f-a1c1-45c9-b9d1-376beb8c20f7"", ""endpoint"": ""/generate_from_text/"", ""input_type"": ""text"", ""input_length_seconds"": """", ""text_length_chars"": ""59"", ""n_letters_rendered"": ""57"", ""success"": ""True"", ""error_stage"": """", ""error_message_short"": """", ""output_video_filename"": ""render_1764958781.mp4"", ""output_video_duration_seconds"": ""54.533333"", ""n_poses_rendered"": ""59"", ""t_total"": ""52.04060719999961"", ""t_download"": """", ""t_extract_audio"": """", ""t_asr"": """", ""t_text_normalisation"": ""3.259999994043028e-05"", ""t_pose_sequence"": ""2.519999998185085e-05"", ""t_render"": ""52.04026849999991""}",,C:\Users\marti\Desktop\tfg_teleco\proyectos\EsAppSingLenguageAI\app-back\logs\inputs\input_run_1764958833_5.txt
2025-12-05T18:20:33.804383,6,84,api:text,0,72.956327,"{""video_path"":""C:\\Users\\marti\\Desktop\\tfg_teleco\\proyectos\\EsAppSingLenguageAI\\app-back\\mp\\output_mp\\render_1764958833.mp4"",""download_url"":""/download_video/render_1764958833.mp4""}",,"{""timestamp_utc"": ""2025-12-05T18:21:46.758711"", ""request_id"": ""d75591d1-3cc8-43be-a6cb-4c221f8727db"", ""endpoint"": ""/generate_from_text/"", ""input_type"": ""text"", ""input_length_seconds"": """", ""text_length_chars"": ""84"", ""n_letters_rendered"": ""78"", ""success"": ""True"", ""error_stage"": """", ""error_message_short"": """", ""output_video_filename"": ""render_1764958833.mp4"", ""output_video_duration_seconds"": ""76.1"", ""n_poses_rendered"": ""84"", ""t_total"": ""72.89310449999994"", ""t_download"": """", ""t_extract_audio"": """", ""t_asr"": """", ""t_text_normalisation"": ""3.310000010969816e-05"", ""t_pose_sequence"": ""3.259999994043028e-05"", ""t_render"": ""72.89276979999886""}",,C:\Users\marti\Desktop\tfg_teleco\proyectos\EsAppSingLenguageAI\app-back\logs\inputs\input_run_1764958906_6.txt
2025-12-05T18:21:46.773960,7,77,api:text,0,70.640003,"{""video_path"":""C:\\Users\\marti\\Desktop\\tfg_teleco\\proyectos\\EsAppSingLenguageAI\\app-back\\mp\\output_mp\\render_1764958906.mp4"",""download_url"":""/download_video/render_1764958906.mp4""}",,"{""timestamp_utc"": ""2025-12-05T18:22:57.411933"", ""request_id"": ""73123466-e45e-456d-b45e-89cfe9420c40"", ""endpoint"": ""/generate_from_text/"", ""input_type"": ""text"", ""input_length_seconds"": """", ""text_length_chars"": ""77"", ""n_letters_rendered"": ""69"", ""success"": ""True"", ""error_stage"": """", ""error_message_short"": """", ""output_video_filename"": ""render_1764958906.mp4"", ""output_video_duration_seconds"": ""73.833333"", ""n_poses_rendered"": ""76"", ""t_total"": ""70.5868473999999"", ""t_download"": """", ""t_extract_audio"": """", ""t_asr"": """", ""t_text_normalisation"": ""3.130000004603062e-05"", ""t_pose_sequence"": ""2.6300000172341242e-05"", ""t_render"": ""70.58654469999965""}",,C:\Users\marti\Desktop\tfg_teleco\proyectos\EsAppSingLenguageAI\app-back\logs\inputs\input_run_1764958977_7.txt
2025-12-05T18:22:57.425998,8,98,api:text,0,79.980601,"{""video_path"":""C:\\Users\\marti\\Desktop\\tfg_teleco\\proyectos\\EsAppSingLenguageAI\\app-back\\mp\\output_mp\\render_1764958977.mp4"",""download_url"":""/download_video/render_1764958977.mp4""}",,"{""timestamp_utc"": ""2025-12-05T18:24:17.404593"", ""request_id"": ""6a391e0b-2c71-485d-bf1f-d7c750664001"", ""endpoint"": ""/generate_from_text/"", ""input_type"": ""text"", ""input_length_seconds"": """", ""text_length_chars"": ""98"", ""n_letters_rendered"": ""91"", ""success"": ""True"", ""error_stage"": """", ""error_message_short"": """", ""output_video_filename"": ""render_1764958977.mp4"", ""output_video_duration_seconds"": ""83.933333"", ""n_poses_rendered"": ""98"", ""t_total"": ""79.92353329999969"", ""t_download"": """", ""t_extract_audio"": """", ""t_asr"": """", ""t_text_normalisation"": ""3.6299999919719994e-05"", ""t_pose_sequence"": ""3.809999907389283e-05"", ""t_render"": ""79.92316469999969""}",,C:\Users\marti\Desktop\tfg_teleco\proyectos\EsAppSingLenguageAI\app-back\logs\inputs\input_run_1764959057_8.txt
2025-12-05T18:24:17.418616,9,94,api:text,0,76.710232,"{""video_path"":""C:\\Users\\marti\\Desktop\\tfg_teleco\\proyectos\\EsAppSingLenguageAI\\app-back\\mp\\output_mp\\render_1764959057.mp4"",""download_url"":""/download_video/render_1764959057.mp4""}",,"{""timestamp_utc"": ""2025-12-05T18:25:34.126847"", ""request_id"": ""95c1a51b-a27b-40d6-bfee-17e5d994fcfd"", ""endpoint"": ""/generate_from_text/"", ""input_type"": ""text"", ""input_length_seconds"": """", ""text_length_chars"": ""94"", ""n_letters_rendered"": ""87"", ""success"": ""True"", ""error_stage"": """", ""error_message_short"": """", ""output_video_filename"": ""render_1764959057.mp4"", ""output_video_duration_seconds"": ""80.6"", ""n_poses_rendered"": ""94"", ""t_total"": ""76.65830800000003"", ""t_download"": """", ""t_extract_audio"": """", ""t_asr"": """", ""t_text_normalisation"": ""3.090000063821208e-05"", ""t_pose_sequence"": ""3.4500000765547156e-05"", ""t_render"": ""76.6578558000001""}",,C:\Users\marti\Desktop\tfg_teleco\proyectos\EsAppSingLenguageAI\app-back\logs\inputs\input_run_1764959134_9.txt
2025-12-05T18:25:34.140867,10,68,api:text,0,54.949251,"{""video_path"":""C:\\Users\\marti\\Desktop\\tfg_teleco\\proyectos\\EsAppSingLenguageAI\\app-back\\mp\\output_mp\\render_1764959134.mp4"",""download_url"":""/download_video/render_1764959134.mp4""}",,"{""timestamp_utc"": ""2025-12-05T18:26:29.088117"", ""request_id"": ""3ccb0690-e2ea-41d1-b3ba-04c0aa131681"", ""endpoint"": ""/generate_from_text/"", ""input_type"": ""text"", ""input_length_seconds"": """", ""text_length_chars"": ""68"", ""n_letters_rendered"": ""66"", ""success"": ""True"", ""error_stage"": """", ""error_message_short"": """", ""output_video_filename"": ""render_1764959134.mp4"", ""output_video_duration_seconds"": ""57.6"", ""n_poses_rendered"": ""68"", ""t_total"": ""54.896486199999345"", ""t_download"": """", ""t_extract_audio"": """", ""t_asr"": """", ""t_text_normalisation"": ""2.8500000553322025e-05"", ""t_pose_sequence"": ""2.680000034160912e-05"", ""t_render"": ""54.89616560000104""}",,C:\Users\marti\Desktop\tfg_teleco\proyectos\EsAppSingLenguageAI\app-back\logs\inputs\input_run_1764959189_10.txt
2025-12-05T18:26:29.102134,11,56,api:text,0,42.119172,"{""video_path"":""C:\\Users\\marti\\Desktop\\tfg_teleco\\proyectos\\EsAppSingLenguageAI\\app-back\\mp\\output_mp\\render_1764959189.mp4"",""download_url"":""/download_video/render_1764959189.mp4""}",,"{""timestamp_utc"": ""2025-12-05T18:27:11.219306"", ""request_id"": ""5ea7a2c3-1910-4c41-aa50-1a7f38582ab3"", ""endpoint"": ""/generate_from_text/"", ""input_type"": ""text"", ""input_length_seconds"": """", ""text_length_chars"": ""56"", ""n_letters_rendered"": ""51"", ""success"": ""True"", ""error_stage"": """", ""error_message_short"": """", ""output_video_filename"": ""render_1764959189.mp4"", ""output_video_duration_seconds"": ""44.533333"", ""n_poses_rendered"": ""56"", ""t_total"": ""42.064156500000536"", ""t_download"": """", ""t_extract_audio"": """", ""t_asr"": """", ""t_text_normalisation"": ""2.570000106061343e-05"", ""t_pose_sequence"": ""2.069999936793465e-05"", ""t_render"": ""42.063809299999775""}",,C:\Users\marti\Desktop\tfg_teleco\proyectos\EsAppSingLenguageAI\app-back\logs\inputs\input_run_1764959231_11.txt
2025-12-05T18:27:11.233828,12,98,api:text,0,88.509401,"{""video_path"":""C:\\Users\\marti\\Desktop\\tfg_teleco\\proyectos\\EsAppSingLenguageAI\\app-back\\mp\\output_mp\\render_1764959231.mp4"",""download_url"":""/download_video/render_1764959231.mp4""}",,"{""timestamp_utc"": ""2025-12-05T18:28:39.741225"", ""request_id"": ""0f2e3f64-e2df-4ab9-b9d5-cec25df41f7e"", ""endpoint"": ""/generate_from_text/"", ""input_type"": ""text"", ""input_length_seconds"": """", ""text_length_chars"": ""98"", ""n_letters_rendered"": ""88"", ""success"": ""True"", ""error_stage"": """", ""error_message_short"": """", ""output_video_filename"": ""render_1764959231.mp4"", ""output_video_duration_seconds"": ""93.033333"", ""n_poses_rendered"": ""98"", ""t_total"": ""88.4567160000006"", ""t_download"": """", ""t_extract_audio"": """", ""t_asr"": """", ""t_text_normalisation"": ""3.079999987676274e-05"", ""t_pose_sequence"": ""3.530000140017364e-05"", ""t_render"": ""88.45636379999996""}",,C:\Users\marti\Desktop\tfg_teleco\proyectos\EsAppSingLenguageAI\app-back\logs\inputs\input_run_1764959319_12.txt
2025-12-05T18:28:39.757052,13,55,api:text,0,48.877218,"{""video_path"":""C:\\Users\\marti\\Desktop\\tfg_teleco\\proyectos\\EsAppSingLenguageAI\\app-back\\mp\\output_mp\\render_1764959319.mp4"",""download_url"":""/download_video/render_1764959319.mp4""}",,"{""timestamp_utc"": ""2025-12-05T18:29:28.633263"", ""request_id"": ""bda8858a-0df6-46b3-b341-ef76904240e7"", ""endpoint"": ""/generate_from_text/"", ""input_type"": ""text"", ""input_length_seconds"": """", ""text_length_chars"": ""55"", ""n_letters_rendered"": ""53"", ""success"": ""True"", ""error_stage"": """", ""error_message_short"": """", ""output_video_filename"": ""render_1764959319.mp4"", ""output_video_duration_seconds"": ""51.133333"", ""n_poses_rendered"": ""55"", ""t_total"": ""48.82524790000025"", ""t_download"": """", ""t_extract_audio"": """", ""t_asr"": """", ""t_text_normalisation"": ""2.4899998606997542e-05"", ""t_pose_sequence"": ""2.1899999410379678e-05"", ""t_render"": ""48.82496499999979""}",,C:\Users\marti\Desktop\tfg_teleco\proyectos\EsAppSingLenguageAI\app-back\logs\inputs\input_run_1764959368_13.txt
2025-12-05T18:29:28.647298,14,86,api:text,0,69.513616,"{""video_path"":""C:\\Users\\marti\\Desktop\\tfg_teleco\\proyectos\\EsAppSingLenguageAI\\app-back\\mp\\output_mp\\render_1764959368.mp4"",""download_url"":""/download_video/render_1764959368.mp4""}",,"{""timestamp_utc"": ""2025-12-05T18:30:38.159897"", ""request_id"": ""76121cc2-5742-415a-8264-51ef10566a9e"", ""endpoint"": ""/generate_from_text/"", ""input_type"": ""text"", ""input_length_seconds"": """", ""text_length_chars"": ""86"", ""n_letters_rendered"": ""81"", ""success"": ""True"", ""error_stage"": """", ""error_message_short"": """", ""output_video_filename"": ""render_1764959368.mp4"", ""output_video_duration_seconds"": ""72.566667"", ""n_poses_rendered"": ""84"", ""t_total"": ""69.4623591999989"", ""t_download"": """", ""t_extract_audio"": """", ""t_asr"": """", ""t_text_normalisation"": ""3.280000055383425e-05"", ""t_pose_sequence"": ""3.0299999707494862e-05"", ""t_render"": ""69.46206379999967""}",,C:\Users\marti\Desktop\tfg_teleco\proyectos\EsAppSingLenguageAI\app-back\logs\inputs\input_run_1764959438_14.txt
2025-12-05T18:30:38.173950,15,99,api:text,0,78.933407,"{""video_path"":""C:\\Users\\marti\\Desktop\\tfg_teleco\\proyectos\\EsAppSingLenguageAI\\app-back\\mp\\output_mp\\render_1764959438.mp4"",""download_url"":""/download_video/render_1764959438.mp4""}",,"{""timestamp_utc"": ""2025-12-05T18:31:57.105315"", ""request_id"": ""ca272564-7405-4960-8807-8ac8e1a7452c"", ""endpoint"": ""/generate_from_text/"", ""input_type"": ""text"", ""input_length_seconds"": """", ""text_length_chars"": ""99"", ""n_letters_rendered"": ""89"", ""success"": ""True"", ""error_stage"": """", ""error_message_short"": """", ""output_video_filename"": ""render_1764959438.mp4"", ""output_video_duration_seconds"": ""82.8"", ""n_poses_rendered"": ""99"", ""t_total"": ""78.88088600000083"", ""t_download"": """", ""t_extract_audio"": """", ""t_asr"": """", ""t_text_normalisation"": ""3.099999958067201e-05"", ""t_pose_sequence"": ""3.5200000638724305e-05"", ""t_render"": ""78.88058000000092""}",,C:\Users\marti\Desktop\tfg_teleco\proyectos\EsAppSingLenguageAI\app-back\logs\inputs\input_run_1764959517_15.txt
2025-12-05T18:31:57.119873,16,81,api:text,0,79.024179,"{""video_path"":""C:\\Users\\marti\\Desktop\\tfg_teleco\\proyectos\\EsAppSingLenguageAI\\app-back\\mp\\output_mp\\render_1764959517.mp4"",""download_url"":""/download_video/render_1764959517.mp4""}",,"{""timestamp_utc"": ""2025-12-05T18:33:16.141543"", ""request_id"": ""7504e76b-6e2f-4b37-947d-9dd40d1cd52b"", ""endpoint"": ""/generate_from_text/"", ""input_type"": ""text"", ""input_length_seconds"": """", ""text_length_chars"": ""81"", ""n_letters_rendered"": ""73"", ""success"": ""True"", ""error_stage"": """", ""error_message_short"": """", ""output_video_filename"": ""render_1764959517.mp4"", ""output_video_duration_seconds"": ""74.7"", ""n_poses_rendered"": ""79"", ""t_total"": ""78.96792780000033"", ""t_download"": """", ""t_extract_audio"": """", ""t_asr"": """", ""t_text_normalisation"": ""2.9099999665049836e-05"", ""t_pose_sequence"": ""3.06999991153134e-05"", ""t_render"": ""78.96762159999889""}",,C:\Users\marti\Desktop\tfg_teleco\proyectos\EsAppSingLenguageAI\app-back\logs\inputs\input_run_1764959596_16.txt
2025-12-05T18:33:16.155848,17,88,api:text,0,83.442051,"{""video_path"":""C:\\Users\\marti\\Desktop\\tfg_teleco\\proyectos\\EsAppSingLenguageAI\\app-back\\mp\\output_mp\\render_1764959596.mp4"",""download_url"":""/download_video/render_1764959596.mp4""}",,"{""timestamp_utc"": ""2025-12-05T18:34:39.596036"", ""request_id"": ""4b667521-9d1a-4e37-b853-332ec7a47edf"", ""endpoint"": ""/generate_from_text/"", ""input_type"": ""text"", ""input_length_seconds"": """", ""text_length_chars"": ""88"", ""n_letters_rendered"": ""81"", ""success"": ""True"", ""error_stage"": """", ""error_message_short"": """", ""output_video_filename"": ""render_1764959596.mp4"", ""output_video_duration_seconds"": ""86.333333"", ""n_poses_rendered"": ""87"", ""t_total"": ""83.37676090000059"", ""t_download"": """", ""t_extract_audio"": """", ""t_asr"": """", ""t_text_normalisation"": ""3.2500000088475645e-05"", ""t_pose_sequence"": ""3.300000025774352e-05"", ""t_render"": ""83.37633230000029""}",,C:\Users\marti\Desktop\tfg_teleco\proyectos\EsAppSingLenguageAI\app-back\logs\inputs\input_run_1764959679_17.txt
2025-12-05T18:34:39.609656,18,86,api:text,0,79.829473,"{""video_path"":""C:\\Users\\marti\\Desktop\\tfg_teleco\\proyectos\\EsAppSingLenguageAI\\app-back\\mp\\output_mp\\render_1764959679.mp4"",""download_url"":""/download_video/render_1764959679.mp4""}",,"{""timestamp_utc"": ""2025-12-05T18:35:59.437130"", ""request_id"": ""daf568d5-611d-4474-9410-c6082422b2d5"", ""endpoint"": ""/generate_from_text/"", ""input_type"": ""text"", ""input_length_seconds"": """", ""text_length_chars"": ""86"", ""n_letters_rendered"": ""80"", ""success"": ""True"", ""error_stage"": """", ""error_message_short"": """", ""output_video_filename"": ""render_1764959679.mp4"", ""output_video_duration_seconds"": ""83.866667"", ""n_poses_rendered"": ""86"", ""t_total"": ""79.77549030000046"", ""t_download"": """", ""t_extract_audio"": """", ""t_asr"": """", ""t_text_normalisation"": ""2.9699998776777647e-05"", ""t_pose_sequence"": ""3.509999987727497e-05"", ""t_render"": ""79.7751060999999""}",,C:\Users\marti\Desktop\tfg_teleco\proyectos\EsAppSingLenguageAI\app-back\logs\inputs\input_run_1764959759_18.txt
2025-12-05T18:35:59.452145,19,93,api:text,0,67.464941,"{""video_path"":""C:\\Users\\marti\\Desktop\\tfg_teleco\\proyectos\\EsAppSingLenguageAI\\app-back\\mp\\output_mp\\render_1764959759.mp4"",""download_url"":""/download_video/render_1764959759.mp4""}",,"{""timestamp_utc"": ""2025-12-05T18:37:06.915087"", ""request_id"": ""29a96e8a-faa1-42d9-8632-249caad9c04b"", ""endpoint"": ""/generate_from_text/"", ""input_type"": ""text"", ""input_length_seconds"": """", ""text_length_chars"": ""93"", ""n_letters_rendered"": ""82"", ""success"": ""True"", ""error_stage"": """", ""error_message_short"": """", ""output_video_filename"": ""render_1764959759.mp4"", ""output_video_duration_seconds"": ""66.4"", ""n_poses_rendered"": ""91"", ""t_total"": ""67.39554969999881"", ""t_download"": """", ""t_extract_audio"": """", ""t_asr"": """", ""t_text_normalisation"": ""3.330000072310213e-05"", ""t_pose_sequence"": ""3.240000114601571e-05"", ""t_render"": ""67.39520059999995""}",,C:\Users\marti\Desktop\tfg_teleco\proyectos\EsAppSingLenguageAI\app-back\logs\inputs\input_run_1764959826_19.txt
2025-12-05T18:37:06.930621,20,51,api:text,0,46.202613,"{""video_path"":""C:\\Users\\marti\\Desktop\\tfg_teleco\\proyectos\\EsAppSingLenguageAI\\app-back\\mp\\output_mp\\render_1764959826.mp4"",""download_url"":""/download_video/render_1764959826.mp4""}",,"{""timestamp_utc"": ""2025-12-05T18:37:53.132235"", ""request_id"": ""53f629d8-114b-497e-8acf-eebe7eabee8a"", ""endpoint"": ""/generate_from_text/"", ""input_type"": ""text"", ""input_length_seconds"": """", ""text_length_chars"": ""51"", ""n_letters_rendered"": ""45"", ""success"": ""True"", ""error_stage"": """", ""error_message_short"": """", ""output_video_filename"": ""render_1764959826.mp4"", ""output_video_duration_seconds"": ""47.366667"", ""n_poses_rendered"": ""51"", ""t_total"": ""46.149487300001056"", ""t_download"": """", ""t_extract_audio"": """", ""t_asr"": """", ""t_text_normalisation"": ""3.190000097674783e-05"", ""t_pose_sequence"": ""2.2100000933278352e-05"", ""t_render"": ""46.14910260000033""}",,C:\Users\marti\Desktop\tfg_teleco\proyectos\EsAppSingLenguageAI\app-back\logs\inputs\input_run_1764959873_20.txt
2025-12-05T19:17:00.454909,1,88,api:youtube,-1,127.011718,,"('Connection aborted.', RemoteDisconnected('Remote end closed connection without response'))","{""timestamp_utc"": ""2025-12-05T19:19:07.294607"", ""request_id"": ""daa95cdd-1364-47ef-a6f9-79557675f8b1"", ""endpoint"": ""/transcribe_youtube/"", ""input_type"": ""youtube_url"", ""input_length_seconds"": ""19.063583"", ""text_length_chars"": ""195"", ""n_letters_rendered"": ""149"", ""success"": ""True"", ""error_stage"": """", ""error_message_short"": """", ""output_video_filename"": ""render_1764962209.mp4"", ""output_video_duration_seconds"": ""139.4"", ""n_poses_rendered"": ""195"", ""t_total"": ""171.78109640000002"", ""t_download"": ""12.364372500000172"", ""t_extract_audio"": ""0.14225249999981315"", ""t_asr"": ""21.088647700000365"", ""t_text_normalisation"": ""9.829999908106402e-05"", ""t_pose_sequence"": ""7.430000005115289e-05"", ""t_render"": ""138.0927333999989""}",,C:\Users\marti\Desktop\tfg_teleco\proyectos\EsAppSingLenguageAI\app-back\logs\inputs\input_run_1764962347_1.txt
2025-12-05T19:41:29.324255,1,18,api:text,0,15.291753,"{""video_path"":""C:\\Users\\marti\\Desktop\\tfg_teleco\\proyectos\\EsAppSingLenguageAI\\app-back\\mp\\output_mp\\render_1764963689.mp4"",""download_url"":""/download_video/render_1764963689.mp4""}",,"{""timestamp_utc"": ""2025-12-05T19:41:44.613996"", ""request_id"": ""a3bcac7a-ac50-4e7a-b5fa-d5361b795561"", ""endpoint"": ""/generate_from_text/"", ""input_type"": ""text"", ""input_length_seconds"": """", ""text_length_chars"": ""18"", ""n_letters_rendered"": ""16"", ""success"": ""True"", ""error_stage"": """", ""error_message_short"": """", ""output_video_filename"": ""render_1764963689.mp4"", ""output_video_duration_seconds"": ""13.266667"", ""n_poses_rendered"": ""18"", ""t_total"": ""14.205642699998862"", ""t_download"": """", ""t_extract_audio"": """", ""t_asr"": """", ""t_text_normalisation"": ""0.0001847000003181165"", ""t_pose_sequence"": ""1.1699999959091656e-05"", ""t_render"": ""14.205066200000147""}",,C:\Users\marti\Desktop\tfg_teleco\proyectos\EsAppSingLenguageAI\app-back\logs\inputs\input_run_1764963704_1.txt
2025-12-05T19:49:02.418815,1,64,api:youtube,0,163.381854,"{""video_path"":""C:\\Users\\marti\\Desktop\\tfg_teleco\\proyectos\\EsAppSingLenguageAI\\app-back\\mp\\output_mp\\render_1764964164.mp4"",""download_url"":""/download_video/render_1764964164.mp4""}",,"{""timestamp_utc"": ""2025-12-05T19:51:45.739447"", ""request_id"": ""a2943e68-a43f-47e4-8880-8ab1ec8bbf41"", ""endpoint"": ""/transcribe_youtube/"", ""input_type"": ""youtube_url"", ""input_length_seconds"": ""19.063583"", ""text_length_chars"": ""195"", ""n_letters_rendered"": ""149"", ""success"": ""True"", ""error_stage"": """", ""error_message_short"": """", ""output_video_filename"": ""render_1764964164.mp4"", ""output_video_duration_seconds"": ""139.4"", ""n_poses_rendered"": ""195"", ""t_total"": ""163.1497803000002"", ""t_download"": ""4.352472500000658"", ""t_extract_audio"": ""0.5022926000001462"", ""t_asr"": ""16.253953600000386"", ""t_text_normalisation"": ""5.9500000133994035e-05"", ""t_pose_sequence"": ""6.620000021939632e-05"", ""t_render"": ""141.56793079999989""}",,C:\Users\marti\Desktop\tfg_teleco\proyectos\EsAppSingLenguageAI\app-back\logs\inputs\input_run_1764964305_1.txt
2025-12-05T20:04:03.579107,1,81,api:youtube,0,159.609470,"{""video_path"":""C:\\Users\\marti\\Desktop\\tfg_teleco\\proyectos\\EsAppSingLenguageAI\\app-back\\mp\\output_mp\\render_1764965067.mp4"",""download_url"":""/download_video/render_1764965067.mp4""}",,"{""timestamp_utc"": ""2025-12-05T20:06:43.132997"", ""request_id"": ""11ffe6a0-ae02-4839-9ddb-3a046deb5564"", ""endpoint"": ""/transcribe_youtube/"", ""input_type"": ""youtube_url"", ""input_length_seconds"": ""19.063583"", ""text_length_chars"": ""195"", ""n_letters_rendered"": ""149"", ""success"": ""True"", ""error_stage"": """", ""error_message_short"": """", ""output_video_filename"": ""render_1764965067.mp4"", ""output_video_duration_seconds"": ""139.4"", ""n_poses_rendered"": ""195"", ""t_total"": ""159.38759410000057"", ""t_download"": ""11.188699899999847"", ""t_extract_audio"": ""0.06501709999974992"", ""t_asr"": ""12.881756700000551"", ""t_text_normalisation"": ""6.620000021939632e-05"", ""t_pose_sequence"": ""6.589999975403771e-05"", ""t_render"": ""135.19980080000096""}",,C:\Users\marti\Desktop\tfg_teleco\proyectos\EsAppSingLenguageAI\app-back\logs\inputs\input_run_1764965203_1.txt
2025-12-05T20:06:43.200598,2,52,api:youtube,0,154.833698,"{""video_path"":""C:\\Users\\marti\\Desktop\\tfg_teleco\\proyectos\\EsAppSingLenguageAI\\app-back\\mp\\output_mp\\render_1764965221.mp4"",""download_url"":""/download_video/render_1764965221.mp4""}",,"{""timestamp_utc"": ""2025-12-05T20:09:17.980875"", ""request_id"": ""4d7fa5f8-06a5-46c1-ad66-3afa8f716174"", ""endpoint"": ""/transcribe_youtube/"", ""input_type"": ""youtube_url"", ""input_length_seconds"": ""19.063583"", ""text_length_chars"": ""195"", ""n_letters_rendered"": ""149"", ""success"": ""True"", ""error_stage"": """", ""error_message_short"": """", ""output_video_filename"": ""render_1764965221.mp4"", ""output_video_duration_seconds"": ""139.4"", ""n_poses_rendered"": ""195"", ""t_total"": ""154.7772031000004"", ""t_download"": ""9.749511699999857"", ""t_extract_audio"": ""0.06099819999872125"", ""t_asr"": ""8.551444400000037"", ""t_text_normalisation"": ""5.520000013348181e-05"", ""t_pose_sequence"": ""6.759999996575061e-05"", ""t_render"": ""136.3687558999991""}",,C:\Users\marti\Desktop\tfg_teleco\proyectos\EsAppSingLenguageAI\app-back\logs\inputs\input_run_1764965358_2.txt
2025-12-05T20:09:18.046831,3,80,api:youtube,0,153.352028,"{""video_path"":""C:\\Users\\marti\\Desktop\\tfg_teleco\\proyectos\\EsAppSingLenguageAI\\app-back\\mp\\output_mp\\render_1764965377.mp4"",""download_url"":""/download_video/render_1764965377.mp4""}",,"{""timestamp_utc"": ""2025-12-05T20:11:51.334214"", ""request_id"": ""c2c00b25-9822-4729-b317-85efe0816eec"", ""endpoint"": ""/transcribe_youtube/"", ""input_type"": ""youtube_url"", ""input_length_seconds"": ""19.063583"", ""text_length_chars"": ""195"", ""n_letters_rendered"": ""149"", ""success"": ""True"", ""error_stage"": """", ""error_message_short"": """", ""output_video_filename"": ""render_1764965377.mp4"", ""output_video_duration_seconds"": ""139.4"", ""n_poses_rendered"": ""195"", ""t_total"": ""153.28432260000045"", ""t_download"": ""10.809065999999802"", ""t_extract_audio"": ""0.05861130000084813"", ""t_asr"": ""8.403981200000999"", ""t_text_normalisation"": ""7.340000047406647e-05"", ""t_pose_sequence"": ""9.239999963028822e-05"", ""t_render"": ""133.96888249999938""}",,C:\Users\marti\Desktop\tfg_teleco\proyectos\EsAppSingLenguageAI\app-back\logs\inputs\input_run_1764965511_3.txt
2025-12-05T20:11:51.414163,4,61,api:youtube,0,168.395627,"{""video_path"":""C:\\Users\\marti\\Desktop\\tfg_teleco\\proyectos\\EsAppSingLenguageAI\\app-back\\mp\\output_mp\\render_1764965530.mp4"",""download_url"":""/download_video/render_1764965530.mp4""}",,"{""timestamp_utc"": ""2025-12-05T20:14:39.745474"", ""request_id"": ""307128fa-1e5c-45c6-8b7d-48e56a26bf77"", ""endpoint"": ""/transcribe_youtube/"", ""input_type"": ""youtube_url"", ""input_length_seconds"": ""19.063583"", ""text_length_chars"": ""195"", ""n_letters_rendered"": ""149"", ""success"": ""True"", ""error_stage"": """", ""error_message_short"": """", ""output_video_filename"": ""render_1764965530.mp4"", ""output_video_duration_seconds"": ""139.4"", ""n_poses_rendered"": ""195"", ""t_total"": ""168.32924599999933"", ""t_download"": ""9.815972700000202"", ""t_extract_audio"": ""0.06311679999998887"", ""t_asr"": ""8.942414699999063"", ""t_text_normalisation"": ""7.890000051702373e-05"", ""t_pose_sequence"": ""7.619999996677507e-05"", ""t_render"": ""149.46003030000065""}",,C:\Users\marti\Desktop\tfg_teleco\proyectos\EsAppSingLenguageAI\app-back\logs\inputs\input_run_1764965679_4.txt
2025-12-05T20:14:39.824811,5,54,api:youtube,0,159.870883,"{""video_path"":""C:\\Users\\marti\\Desktop\\tfg_teleco\\proyectos\\EsAppSingLenguageAI\\app-back\\mp\\output_mp\\render_1764965698.mp4"",""download_url"":""/download_video/render_1764965698.mp4""}",,"{""timestamp_utc"": ""2025-12-05T20:17:19.627347"", ""request_id"": ""d68e3c5a-21bf-4aa3-b295-b1f6a4d9ba99"", ""endpoint"": ""/transcribe_youtube/"", ""input_type"": ""youtube_url"", ""input_length_seconds"": ""19.063583"", ""text_length_chars"": ""195"", ""n_letters_rendered"": ""149"", ""success"": ""True"", ""error_stage"": """", ""error_message_short"": """", ""output_video_filename"": ""render_1764965698.mp4"", ""output_video_duration_seconds"": ""139.4"", ""n_poses_rendered"": ""195"", ""t_total"": ""159.7998886000005"", ""t_download"": ""9.753745600000912"", ""t_extract_audio"": ""0.05797030000030645"", ""t_asr"": ""8.601954400000977"", ""t_text_normalisation"": ""8.569999954488594e-05"", ""t_pose_sequence"": ""7.890000051702373e-05"", ""t_render"": ""141.34103050000158""}",,C:\Users\marti\Desktop\tfg_teleco\proyectos\EsAppSingLenguageAI\app-back\logs\inputs\input_run_1764965839_5.txt
2025-12-05T20:17:19.711046,6,78,api:youtube,0,159.244006,"{""video_path"":""C:\\Users\\marti\\Desktop\\tfg_teleco\\proyectos\\EsAppSingLenguageAI\\app-back\\mp\\output_mp\\render_1764965858.mp4"",""download_url"":""/download_video/render_1764965858.mp4""}",,"{""timestamp_utc"": ""2025-12-05T20:19:58.889497"", ""request_id"": ""53321b3b-82e6-4696-8760-eafe41587be7"", ""endpoint"": ""/transcribe_youtube/"", ""input_type"": ""youtube_url"", ""input_length_seconds"": ""19.063583"", ""text_length_chars"": ""195"", ""n_letters_rendered"": ""149"", ""success"": ""True"", ""error_stage"": """", ""error_message_short"": """", ""output_video_filename"": ""render_1764965858.mp4"", ""output_video_duration_seconds"": ""139.4"", ""n_poses_rendered"": ""195"", ""t_total"": ""159.17538140000033"", ""t_download"": ""9.844032500001049"", ""t_extract_audio"": ""0.05877160000090953"", ""t_asr"": ""8.740953200000149"", ""t_text_normalisation"": ""5.109999983687885e-05"", ""t_pose_sequence"": ""5.79999996261904e-05"", ""t_render"": ""140.48819920000096""}",,C:\Users\marti\Desktop\tfg_teleco\proyectos\EsAppSingLenguageAI\app-back\logs\inputs\input_run_1764965998_6.txt
2025-12-05T20:19:58.968088,7,52,api:youtube,0,162.860098,"{""video_path"":""C:\\Users\\marti\\Desktop\\tfg_teleco\\proyectos\\EsAppSingLenguageAI\\app-back\\mp\\output_mp\\render_1764966017.mp4"",""download_url"":""/download_video/render_1764966017.mp4""}",,"{""timestamp_utc"": ""2025-12-05T20:22:41.769921"", ""request_id"": ""b1759546-6ca2-4ee5-8f34-23638bbe4aab"", ""endpoint"": ""/transcribe_youtube/"", ""input_type"": ""youtube_url"", ""input_length_seconds"": ""19.063583"", ""text_length_chars"": ""195"", ""n_letters_rendered"": ""149"", ""success"": ""True"", ""error_stage"": """", ""error_message_short"": """", ""output_video_filename"": ""render_1764966017.mp4"", ""output_video_duration_seconds"": ""139.4"", ""n_poses_rendered"": ""195"", ""t_total"": ""162.79962560000058"", ""t_download"": ""9.80982220000078"", ""t_extract_audio"": ""0.06466069999987667"", ""t_asr"": ""8.864417599999797"", ""t_text_normalisation"": ""5.359999886422884e-05"", ""t_pose_sequence"": ""5.779999992228113e-05"", ""t_render"": ""144.01232569999956""}",,C:\Users\marti\Desktop\tfg_teleco\proyectos\EsAppSingLenguageAI\app-back\logs\inputs\input_run_1764966161_7.txt
2025-12-05T20:22:41.842916,8,76,api:youtube,0,161.610560,"{""video_path"":""C:\\Users\\marti\\Desktop\\tfg_teleco\\proyectos\\EsAppSingLenguageAI\\app-back\\mp\\output_mp\\render_1764966182.mp4"",""download_url"":""/download_video/render_1764966182.mp4""}",,"{""timestamp_utc"": ""2025-12-05T20:25:23.386472"", ""request_id"": ""e609ad8a-6daf-43a3-bf32-0e02d105fda0"", ""endpoint"": ""/transcribe_youtube/"", ""input_type"": ""youtube_url"", ""input_length_seconds"": ""19.063583"", ""text_length_chars"": ""195"", ""n_letters_rendered"": ""149"", ""success"": ""True"", ""error_stage"": """", ""error_message_short"": """", ""output_video_filename"": ""render_1764966182.mp4"", ""output_video_duration_seconds"": ""139.4"", ""n_poses_rendered"": ""195"", ""t_total"": ""161.5208971000011"", ""t_download"": ""9.889986700000009"", ""t_extract_audio"": ""0.0772990999994363"", ""t_asr"": ""10.131092999999964"", ""t_text_normalisation"": ""8.019999950192869e-05"", ""t_pose_sequence"": ""7.349999941652641e-05"", ""t_render"": ""141.37337099999968""}",,C:\Users\marti\Desktop\tfg_teleco\proyectos\EsAppSingLenguageAI\app-back\logs\inputs\input_run_1764966323_8.txt
2025-12-05T20:25:23.467491,9,89,api:youtube,0,164.411622,"{""video_path"":""C:\\Users\\marti\\Desktop\\tfg_teleco\\proyectos\\EsAppSingLenguageAI\\app-back\\mp\\output_mp\\render_1764966348.mp4"",""download_url"":""/download_video/render_1764966348.mp4""}",,"{""timestamp_utc"": ""2025-12-05T20:28:07.823520"", ""request_id"": ""94143eef-b35a-48ba-8699-dc671d64ffa8"", ""endpoint"": ""/transcribe_youtube/"", ""input_type"": ""youtube_url"", ""input_length_seconds"": ""19.063583"", ""text_length_chars"": ""195"", ""n_letters_rendered"": ""149"", ""success"": ""True"", ""error_stage"": """", ""error_message_short"": """", ""output_video_filename"": ""render_1764966348.mp4"", ""output_video_duration_seconds"": ""139.4"", ""n_poses_rendered"": ""195"", ""t_total"": ""164.35339219999878"", ""t_download"": ""13.924791800000094"", ""t_extract_audio"": ""0.0800466000000597"", ""t_asr"": ""10.85913619999883"", ""t_text_normalisation"": ""5.469999996421393e-05"", ""t_pose_sequence"": ""5.94000011915341e-05"", ""t_render"": ""139.4322540000012""}",,C:\Users\marti\Desktop\tfg_teleco\proyectos\EsAppSingLenguageAI\app-back\logs\inputs\input_run_1764966487_9.txt
2025-12-05T20:28:07.891864,10,79,api:youtube,0,161.832759,"{""video_path"":""C:\\Users\\marti\\Desktop\\tfg_teleco\\proyectos\\EsAppSingLenguageAI\\app-back\\mp\\output_mp\\render_1764966507.mp4"",""download_url"":""/download_video/render_1764966507.mp4""}",,"{""timestamp_utc"": ""2025-12-05T20:30:49.635273"", ""request_id"": ""a13eb56d-475d-41c3-83e7-3897fb39559e"", ""endpoint"": ""/transcribe_youtube/"", ""input_type"": ""youtube_url"", ""input_length_seconds"": ""19.063583"", ""text_length_chars"": ""195"", ""n_letters_rendered"": ""149"", ""success"": ""True"", ""error_stage"": """", ""error_message_short"": """", ""output_video_filename"": ""render_1764966507.mp4"", ""output_video_duration_seconds"": ""139.4"", ""n_poses_rendered"": ""195"", ""t_total"": ""161.72074030000113"", ""t_download"": ""10.730512899999667"", ""t_extract_audio"": ""0.05848549999973329"", ""t_asr"": ""8.814900899998975"", ""t_text_normalisation"": ""5.7499999456922524e-05"", ""t_pose_sequence"": ""6.120000034570694e-05"", ""t_render"": ""142.07188730000053""}",,C:\Users\marti\Desktop\tfg_teleco\proyectos\EsAppSingLenguageAI\app-back\logs\inputs\input_run_1764966649_10.txt
2025-12-06T15:58:44.153709,1,64,api:youtube,0,187.361654,"{""video_path"":""C:\\Users\\marti\\Desktop\\tfg_teleco\\proyectos\\EsAppSingLenguageAI\\app-back\\mp\\output_mp\\render_1765036758.mp4"",""download_url"":""/download_video/render_1765036758.mp4""}",,"{""timestamp_utc"": ""2025-12-06T16:01:50.994523"", ""request_id"": ""5fc1f722-3850-4573-ac2e-55d7c0964abe"", ""endpoint"": ""/transcribe_youtube/"", ""input_type"": ""youtube_url"", ""input_length_seconds"": ""19.063583"", ""text_length_chars"": ""195"", ""n_letters_rendered"": ""149"", ""success"": ""True"", ""error_stage"": """", ""error_message_short"": """", ""output_video_filename"": ""render_1765036758.mp4"", ""output_video_duration_seconds"": ""139.4"", ""n_poses_rendered"": ""195"", ""t_total"": ""186.58266809998895"", ""t_download"": ""11.917011300000013"", ""t_extract_audio"": ""0.08336400000553112"", ""t_asr"": ""18.65053210000042"", ""t_text_normalisation"": ""0.0013378000003285706"", ""t_pose_sequence"": ""6.289999873843044e-05"", ""t_render"": ""152.84150729999237""}",,C:\Users\marti\Desktop\tfg_teleco\proyectos\EsAppSingLenguageAI\app-back\logs\inputs\input_run_1765036911_1.txt
2025-12-06T16:01:51.533443,2,63,api:youtube,0,161.406805,"{""video_path"":""C:\\Users\\marti\\Desktop\\tfg_teleco\\proyectos\\EsAppSingLenguageAI\\app-back\\mp\\output_mp\\render_1765036931.mp4"",""download_url"":""/download_video/render_1765036931.mp4""}",,"{""timestamp_utc"": ""2025-12-06T16:04:32.879517"", ""request_id"": ""2e6d6556-d1fb-4534-b5cc-72671f03de0e"", ""endpoint"": ""/transcribe_youtube/"", ""input_type"": ""youtube_url"", ""input_length_seconds"": ""19.063583"", ""text_length_chars"": ""195"", ""n_letters_rendered"": ""149"", ""success"": ""True"", ""error_stage"": """", ""error_message_short"": """", ""output_video_filename"": ""render_1765036931.mp4"", ""output_video_duration_seconds"": ""139.4"", ""n_poses_rendered"": ""195"", ""t_total"": ""161.32378700000118"", ""t_download"": ""10.574084199994104"", ""t_extract_audio"": ""0.06909770000493154"", ""t_asr"": ""9.132516099998611"", ""t_text_normalisation"": ""6.330000178422779e-05"", ""t_pose_sequence"": ""5.879999662283808e-05"", ""t_render"": ""141.48821330000646""}",,C:\Users\marti\Desktop\tfg_teleco\proyectos\EsAppSingLenguageAI\app-back\logs\inputs\input_run_1765037072_2.txt
2025-12-06T16:04:32.955472,3,53,api:youtube,0,160.192755,"{""video_path"":""C:\\Users\\marti\\Desktop\\tfg_teleco\\proyectos\\EsAppSingLenguageAI\\app-back\\mp\\output_mp\\render_1765037091.mp4"",""download_url"":""/download_video/render_1765037091.mp4""}",,"{""timestamp_utc"": ""2025-12-06T16:07:13.079332"", ""request_id"": ""a4d5406b-94b8-4eb3-a0b4-f545b35fa3bc"", ""endpoint"": ""/transcribe_youtube/"", ""input_type"": ""youtube_url"", ""input_length_seconds"": ""19.063583"", ""text_length_chars"": ""195"", ""n_letters_rendered"": ""149"", ""success"": ""True"", ""error_stage"": """", ""error_message_short"": """", ""output_video_filename"": ""render_1765037091.mp4"", ""output_video_duration_seconds"": ""139.4"", ""n_poses_rendered"": ""195"", ""t_total"": ""160.10931169999822"", ""t_download"": ""9.557952100003604"", ""t_extract_audio"": ""0.062276399999973364"", ""t_asr"": ""9.096026100000017"", ""t_text_normalisation"": ""6.059999577701092e-05"", ""t_pose_sequence"": ""6.0999998822808266e-05"", ""t_render"": ""141.34500850000768""}",,C:\Users\marti\Desktop\tfg_teleco\proyectos\EsAppSingLenguageAI\app-back\logs\inputs\input_run_1765037233_3.txt
2025-12-06T16:07:13.164093,4,92,api:youtube,0,171.627261,"{""video_path"":""C:\\Users\\marti\\Desktop\\tfg_teleco\\proyectos\\EsAppSingLenguageAI\\app-back\\mp\\output_mp\\render_1765037251.mp4"",""download_url"":""/download_video/render_1765037251.mp4""}",,"{""timestamp_utc"": ""2025-12-06T16:10:04.709238"", ""request_id"": ""4c711675-fd11-475e-a8e0-2954f5271932"", ""endpoint"": ""/transcribe_youtube/"", ""input_type"": ""youtube_url"", ""input_length_seconds"": ""19.063583"", ""text_length_chars"": ""195"", ""n_letters_rendered"": ""149"", ""success"": ""True"", ""error_stage"": """", ""error_message_short"": """", ""output_video_filename"": ""render_1765037251.mp4"", ""output_video_duration_seconds"": ""139.4"", ""n_poses_rendered"": ""195"", ""t_total"": ""171.5416841999977"", ""t_download"": ""9.80832479998935"", ""t_extract_audio"": ""0.06642650000867434"", ""t_asr"": ""8.784070599998813"", ""t_text_normalisation"": ""0.00017189999925903976"", ""t_pose_sequence"": ""0.00010570000449661165"", ""t_render"": ""152.8352431999956""}",,C:\Users\marti\Desktop\tfg_teleco\proyectos\EsAppSingLenguageAI\app-back\logs\inputs\input_run_1765037404_4.txt
2025-12-06T16:10:04.831523,5,87,api:youtube,0,172.868891,"{""video_path"":""C:\\Users\\marti\\Desktop\\tfg_teleco\\proyectos\\EsAppSingLenguageAI\\app-back\\mp\\output_mp\\render_1765037426.mp4"",""download_url"":""/download_video/render_1765037426.mp4""}",,"{""timestamp_utc"": ""2025-12-06T16:12:57.622593"", ""request_id"": ""c735a830-27dd-4ca3-9edb-eb9159521526"", ""endpoint"": ""/transcribe_youtube/"", ""input_type"": ""youtube_url"", ""input_length_seconds"": ""19.063583"", ""text_length_chars"": ""195"", ""n_letters_rendered"": ""149"", ""success"": ""True"", ""error_stage"": """", ""error_message_short"": """", ""output_video_filename"": ""render_1765037426.mp4"", ""output_video_duration_seconds"": ""139.4"", ""n_poses_rendered"": ""195"", ""t_total"": ""172.77191429999948"", ""t_download"": ""10.600280499988003"", ""t_extract_audio"": ""0.07432119999430142"", ""t_asr"": ""10.476167100001476"", ""t_text_normalisation"": ""8.909999451134354e-05"", ""t_pose_sequence"": ""6.659999780822545e-05"", ""t_render"": ""151.56924430000072""}",,C:\Users\marti\Desktop\tfg_teleco\proyectos\EsAppSingLenguageAI\app-back\logs\inputs\input_run_1765037577_5.txt
2025-12-06T16:12:57.727904,6,91,api:youtube,0,170.397352,"{""video_path"":""C:\\Users\\marti\\Desktop\\tfg_teleco\\proyectos\\EsAppSingLenguageAI\\app-back\\mp\\output_mp\\render_1765037596.mp4"",""download_url"":""/download_video/render_1765037596.mp4""}",,"{""timestamp_utc"": ""2025-12-06T16:15:48.008411"", ""request_id"": ""6a420002-8dab-4d39-b503-0e83e805382e"", ""endpoint"": ""/transcribe_youtube/"", ""input_type"": ""youtube_url"", ""input_length_seconds"": ""19.063583"", ""text_length_chars"": ""195"", ""n_letters_rendered"": ""149"", ""success"": ""True"", ""error_stage"": """", ""error_message_short"": """", ""output_video_filename"": ""render_1765037596.mp4"", ""output_video_duration_seconds"": ""139.4"", ""n_poses_rendered"": ""195"", ""t_total"": ""170.27635709999595"", ""t_download"": ""9.843892600008985"", ""t_extract_audio"": ""0.061528699996415526"", ""t_asr"": ""9.17672990000574"", ""t_text_normalisation"": ""5.570000212173909e-05"", ""t_pose_sequence"": ""6.090001261327416e-05"", ""t_render"": ""151.14600509998854""}",,C:\Users\marti\Desktop\tfg_teleco\proyectos\EsAppSingLenguageAI\app-back\logs\inputs\input_run_1765037748_6.txt
2025-12-06T16:15:48.150236,7,79,api:youtube,0,161.091041,"{""video_path"":""C:\\Users\\marti\\Desktop\\tfg_teleco\\proyectos\\EsAppSingLenguageAI\\app-back\\mp\\output_mp\\render_1765037768.mp4"",""download_url"":""/download_video/render_1765037768.mp4""}",,"{""timestamp_utc"": ""2025-12-06T16:18:29.181764"", ""request_id"": ""1a3a2dd9-3bd6-48a3-b2c0-88605eb351ac"", ""endpoint"": ""/transcribe_youtube/"", ""input_type"": ""youtube_url"", ""input_length_seconds"": ""19.063583"", ""text_length_chars"": ""195"", ""n_letters_rendered"": ""149"", ""success"": ""True"", ""error_stage"": """", ""error_message_short"": """", ""output_video_filename"": ""render_1765037768.mp4"", ""output_video_duration_seconds"": ""139.4"", ""n_poses_rendered"": ""195"", ""t_total"": ""161.00769729999593"", ""t_download"": ""10.961753700001282"", ""t_extract_audio"": ""0.08953920000931248"", ""t_asr"": ""9.59593149999273"", ""t_text_normalisation"": ""5.5800002883188426e-05"", ""t_pose_sequence"": ""6.47000124445185e-05"", ""t_render"": ""140.3059176000097""}",,C:\Users\marti\Desktop\tfg_teleco\proyectos\EsAppSingLenguageAI\app-back\logs\inputs\input_run_1765037909_7.txt
2025-12-06T16:18:29.255277,8,59,api:youtube,0,160.414180,"{""video_path"":""C:\\Users\\marti\\Desktop\\tfg_teleco\\proyectos\\EsAppSingLenguageAI\\app-back\\mp\\output_mp\\render_1765037927.mp4"",""download_url"":""/download_video/render_1765037927.mp4""}",,"{""timestamp_utc"": ""2025-12-06T16:21:09.612597"", ""request_id"": ""65f73f8e-963c-4873-b8ac-93bfa40de9cb"", ""endpoint"": ""/transcribe_youtube/"", ""input_type"": ""youtube_url"", ""input_length_seconds"": ""19.063583"", ""text_length_chars"": ""195"", ""n_letters_rendered"": ""149"", ""success"": ""True"", ""error_stage"": """", ""error_message_short"": """", ""output_video_filename"": ""render_1765037927.mp4"", ""output_video_duration_seconds"": ""139.4"", ""n_poses_rendered"": ""195"", ""t_total"": ""160.33401700000104"", ""t_download"": ""9.410362700000405"", ""t_extract_audio"": ""0.05577149998862296"", ""t_asr"": ""8.845543200004613"", ""t_text_normalisation"": ""5.909999890718609e-05"", ""t_pose_sequence"": ""6.27999979769811e-05"", ""t_render"": ""141.9750795""}",,C:\Users\marti\Desktop\tfg_teleco\proyectos\EsAppSingLenguageAI\app-back\logs\inputs\input_run_1765038069_8.txt
2025-12-06T16:21:09.683803,9,93,api:youtube,0,159.226886,"{""video_path"":""C:\\Users\\marti\\Desktop\\tfg_teleco\\proyectos\\EsAppSingLenguageAI\\app-back\\mp\\output_mp\\render_1765038088.mp4"",""download_url"":""/download_video/render_1765038088.mp4""}",,"{""timestamp_utc"": ""2025-12-06T16:23:48.820741"", ""request_id"": ""fc63e033-ee4e-4645-b792-f12c80fb28b6"", ""endpoint"": ""/transcribe_youtube/"", ""input_type"": ""youtube_url"", ""input_length_seconds"": ""19.063583"", ""text_length_chars"": ""195"", ""n_letters_rendered"": ""149"", ""success"": ""True"", ""error_stage"": """", ""error_message_short"": """", ""output_video_filename"": ""render_1765038088.mp4"", ""output_video_duration_seconds"": ""139.4"", ""n_poses_rendered"": ""195"", ""t_total"": ""159.13393139999243"", ""t_download"": ""9.444860699994024"", ""t_extract_audio"": ""0.05553939999663271"", ""t_asr"": ""9.328055699996185"", ""t_text_normalisation"": ""6.500000017695129e-05"", ""t_pose_sequence"": ""6.410000787582248e-05"", ""t_render"": ""140.2587477999914""}",,C:\Users\marti\Desktop\tfg_teleco\proyectos\EsAppSingLenguageAI\app-back\logs\inputs\input_run_1765038228_9.txt
2025-12-06T16:23:48.927647,10,56,api:youtube,0,158.368748,"{""video_path"":""C:\\Users\\marti\\Desktop\\tfg_teleco\\proyectos\\EsAppSingLenguageAI\\app-back\\mp\\output_mp\\render_1765038247.mp4"",""download_url"":""/download_video/render_1765038247.mp4""}",,"{""timestamp_utc"": ""2025-12-06T16:26:27.233772"", ""request_id"": ""079ce076-2102-4afe-bba6-3bf326c234ad"", ""endpoint"": ""/transcribe_youtube/"", ""input_type"": ""youtube_url"", ""input_length_seconds"": ""19.063583"", ""text_length_chars"": ""195"", ""n_letters_rendered"": ""149"", ""success"": ""True"", ""error_stage"": """", ""error_message_short"": """", ""output_video_filename"": ""render_1765038247.mp4"", ""output_video_duration_seconds"": ""139.4"", ""n_poses_rendered"": ""195"", ""t_total"": ""158.30379359998915"", ""t_download"": ""10.455020300010801"", ""t_extract_audio"": ""0.0631403000006685"", ""t_asr"": ""8.45582230000582"", ""t_text_normalisation"": ""6.249999569263309e-05"", ""t_pose_sequence"": ""6.409999332390726e-05"", ""t_render"": ""139.26347920000262""}",,C:\Users\marti\Desktop\tfg_teleco\proyectos\EsAppSingLenguageAI\app-back\logs\inputs\input_run_1765038387_10.txt
2025-12-06T16:26:27.312450,11,74,api:youtube,0,160.994701,"{""video_path"":""C:\\Users\\marti\\Desktop\\tfg_teleco\\proyectos\\EsAppSingLenguageAI\\app-back\\mp\\output_mp\\render_1765038407.mp4"",""download_url"":""/download_video/render_1765038407.mp4""}",,"{""timestamp_utc"": ""2025-12-06T16:29:08.231322"", ""request_id"": ""87e0ecd9-dce2-4a4b-8f1f-95d3110e55a8"", ""endpoint"": ""/transcribe_youtube/"", ""input_type"": ""youtube_url"", ""input_length_seconds"": ""19.063583"", ""text_length_chars"": ""195"", ""n_letters_rendered"": ""149"", ""success"": ""True"", ""error_stage"": """", ""error_message_short"": """", ""output_video_filename"": ""render_1765038407.mp4"", ""output_video_duration_seconds"": ""139.4"", ""n_poses_rendered"": ""195"", ""t_total"": ""160.8983481999894"", ""t_download"": ""10.746772500002407"", ""t_extract_audio"": ""0.06059589999495074"", ""t_asr"": ""9.43591309999465"", ""t_text_normalisation"": ""7.759999425616115e-05"", ""t_pose_sequence"": ""0.00011380000796634704"", ""t_render"": ""140.60626539999794""}",,C:\Users\marti\Desktop\tfg_teleco\proyectos\EsAppSingLenguageAI\app-back\logs\inputs\input_run_1765038548_11.txt
2025-12-06T16:29:08.323460,12,63,api:youtube,0,155.913820,"{""video_path"":""C:\\Users\\marti\\Desktop\\tfg_teleco\\proyectos\\EsAppSingLenguageAI\\app-back\\mp\\output_mp\\render_1765038567.mp4"",""download_url"":""/download_video/render_1765038567.mp4""}",,"{""timestamp_utc"": ""2025-12-06T16:31:44.182422"", ""request_id"": ""6d179e57-a697-403d-9051-5506da48cbda"", ""endpoint"": ""/transcribe_youtube/"", ""input_type"": ""youtube_url"", ""input_length_seconds"": ""19.063583"", ""text_length_chars"": ""195"", ""n_letters_rendered"": ""149"", ""success"": ""True"", ""error_stage"": """", ""error_message_short"": """", ""output_video_filename"": ""render_1765038567.mp4"", ""output_video_duration_seconds"": ""139.4"", ""n_poses_rendered"": ""195"", ""t_total"": ""155.83715429999575"", ""t_download"": ""10.212890099996002"", ""t_extract_audio"": ""0.061652699994738214"", ""t_asr"": ""8.798687899994547"", ""t_text_normalisation"": ""5.3800002206116915e-05"", ""t_pose_sequence"": ""6.140000186860561e-05"", ""t_render"": ""136.71436969999922""}",,C:\Users\marti\Desktop\tfg_teleco\proyectos\EsAppSingLenguageAI\app-back\logs\inputs\input_run_1765038704_12.txt
2025-12-06T16:31:44.251739,13,83,api:youtube,0,149.887825,"{""video_path"":""C:\\Users\\marti\\Desktop\\tfg_teleco\\proyectos\\EsAppSingLenguageAI\\app-back\\mp\\output_mp\\render_1765038721.mp4"",""download_url"":""/download_video/render_1765038721.mp4""}",,"{""timestamp_utc"": ""2025-12-06T16:34:14.075142"", ""request_id"": ""4f7c79de-34c4-40d1-9eb2-e312371d37af"", ""endpoint"": ""/transcribe_youtube/"", ""input_type"": ""youtube_url"", ""input_length_seconds"": ""19.063583"", ""text_length_chars"": ""195"", ""n_letters_rendered"": ""149"", ""success"": ""True"", ""error_stage"": """", ""error_message_short"": """", ""output_video_filename"": ""render_1765038721.mp4"", ""output_video_duration_seconds"": ""139.4"", ""n_poses_rendered"": ""195"", ""t_total"": ""149.81994770000165"", ""t_download"": ""9.251024199998938"", ""t_extract_audio"": ""0.05701880001288373"", ""t_asr"": ""7.645345600001747"", ""t_text_normalisation"": ""5.220000457484275e-05"", ""t_pose_sequence"": ""6.160000339150429e-05"", ""t_render"": ""132.8176744999946""}",,C:\Users\marti\Desktop\tfg_teleco\proyectos\EsAppSingLenguageAI\app-back\logs\inputs\input_run_1765038854_13.txt
2025-12-06T16:34:14.154912,14,70,api:youtube,0,149.863496,"{""video_path"":""C:\\Users\\marti\\Desktop\\tfg_teleco\\proyectos\\EsAppSingLenguageAI\\app-back\\mp\\output_mp\\render_1765038871.mp4"",""download_url"":""/download_video/render_1765038871.mp4""}",,"{""timestamp_utc"": ""2025-12-06T16:36:43.964124"", ""request_id"": ""f0fb04de-7e46-4eb9-a7c5-d4044b21d6ed"", ""endpoint"": ""/transcribe_youtube/"", ""input_type"": ""youtube_url"", ""input_length_seconds"": ""19.063583"", ""text_length_chars"": ""195"", ""n_letters_rendered"": ""149"", ""success"": ""True"", ""error_stage"": """", ""error_message_short"": """", ""output_video_filename"": ""render_1765038871.mp4"", ""output_video_duration_seconds"": ""139.4"", ""n_poses_rendered"": ""195"", ""t_total"": ""149.80653130001156"", ""t_download"": ""9.50898870000674"", ""t_extract_audio"": ""0.05589230000623502"", ""t_asr"": ""7.609878200004459"", ""t_text_normalisation"": ""5.819999205414206e-05"", ""t_pose_sequence"": ""6.079999729990959e-05"", ""t_render"": ""132.58167210000101""}",,C:\Users\marti\Desktop\tfg_teleco\proyectos\EsAppSingLenguageAI\app-back\logs\inputs\input_run_1765039004_14.txt
2025-12-06T16:36:44.032978,15,92,api:youtube,0,149.532564,"{""video_path"":""C:\\Users\\marti\\Desktop\\tfg_teleco\\proyectos\\EsAppSingLenguageAI\\app-back\\mp\\output_mp\\render_1765039020.mp4"",""download_url"":""/download_video/render_1765039020.mp4""}",,"{""timestamp_utc"": ""2025-12-06T16:39:13.505861"", ""request_id"": ""fb01bfd1-f7d3-41ee-823e-72ce10741c08"", ""endpoint"": ""/transcribe_youtube/"", ""input_type"": ""youtube_url"", ""input_length_seconds"": ""19.063583"", ""text_length_chars"": ""195"", ""n_letters_rendered"": ""149"", ""success"": ""True"", ""error_stage"": """", ""error_message_short"": """", ""output_video_filename"": ""render_1765039020.mp4"", ""output_video_duration_seconds"": ""139.4"", ""n_poses_rendered"": ""195"", ""t_total"": ""149.47030420000374"", ""t_download"": ""9.075193099997705"", ""t_extract_audio"": ""0.05634390001068823"", ""t_asr"": ""7.602418499998748"", ""t_text_normalisation"": ""5.1099996198900044e-05"", ""t_pose_sequence"": ""6.140000186860561e-05"", ""t_render"": ""132.6885270000057""}",,C:\Users\marti\Desktop\tfg_teleco\proyectos\EsAppSingLenguageAI\app-back\logs\inputs\input_run_1765039153_15.txt
2025-12-06T16:39:13.579053,16,84,api:youtube,0,149.837925,"{""video_path"":""C:\\Users\\marti\\Desktop\\tfg_teleco\\proyectos\\EsAppSingLenguageAI\\app-back\\mp\\output_mp\\render_1765039171.mp4"",""download_url"":""/download_video/render_1765039171.mp4""}",,"{""timestamp_utc"": ""2025-12-06T16:41:43.328044"", ""request_id"": ""560c8d0a-7066-46d2-9b56-e8a114dae0c5"", ""endpoint"": ""/transcribe_youtube/"", ""input_type"": ""youtube_url"", ""input_length_seconds"": ""19.063583"", ""text_length_chars"": ""195"", ""n_letters_rendered"": ""149"", ""success"": ""True"", ""error_stage"": """", ""error_message_short"": """", ""output_video_filename"": ""render_1765039171.mp4"", ""output_video_duration_seconds"": ""139.4"", ""n_poses_rendered"": ""195"", ""t_total"": ""149.74695820000488"", ""t_download"": ""10.231774399988353"", ""t_extract_audio"": ""0.05809030000818893"", ""t_asr"": ""7.500192200008314"", ""t_text_normalisation"": ""5.230000533629209e-05"", ""t_pose_sequence"": ""5.910001345910132e-05"", ""t_render"": ""131.90878070000326""}",,C:\Users\marti\Desktop\tfg_teleco\proyectos\EsAppSingLenguageAI\app-back\logs\inputs\input_run_1765039303_16.txt
2025-12-06T16:41:43.437998,17,78,api:youtube,0,151.613523,"{""video_path"":""C:\\Users\\marti\\Desktop\\tfg_teleco\\proyectos\\EsAppSingLenguageAI\\app-back\\mp\\output_mp\\render_1765039321.mp4"",""download_url"":""/download_video/render_1765039321.mp4""}",,"{""timestamp_utc"": ""2025-12-06T16:44:14.967924"", ""request_id"": ""50f224bb-ce6c-407d-b2ef-ead635c58c2e"", ""endpoint"": ""/transcribe_youtube/"", ""input_type"": ""youtube_url"", ""input_length_seconds"": ""19.063583"", ""text_length_chars"": ""195"", ""n_letters_rendered"": ""149"", ""success"": ""True"", ""error_stage"": """", ""error_message_short"": """", ""output_video_filename"": ""render_1765039321.mp4"", ""output_video_duration_seconds"": ""139.4"", ""n_poses_rendered"": ""195"", ""t_total"": ""151.52664480000385"", ""t_download"": ""10.396054700002423"", ""t_extract_audio"": ""0.05749229999491945"", ""t_asr"": ""7.517351699993014"", ""t_text_normalisation"": ""5.319999763742089e-05"", ""t_pose_sequence"": ""5.990000499878079e-05"", ""t_render"": ""133.51119180000387""}",,C:\Users\marti\Desktop\tfg_teleco\proyectos\EsAppSingLenguageAI\app-back\logs\inputs\input_run_1765039455_17.txt
2025-12-06T16:44:15.066161,18,96,api:youtube,0,151.855142,"{""video_path"":""C:\\Users\\marti\\Desktop\\tfg_teleco\\proyectos\\EsAppSingLenguageAI\\app-back\\mp\\output_mp\\render_1765039473.mp4"",""download_url"":""/download_video/render_1765039473.mp4""}",,"{""timestamp_utc"": ""2025-12-06T16:46:46.860099"", ""request_id"": ""b042c8ee-47db-4833-89dc-3bb4b844d2f0"", ""endpoint"": ""/transcribe_youtube/"", ""input_type"": ""youtube_url"", ""input_length_seconds"": ""19.063583"", ""text_length_chars"": ""195"", ""n_letters_rendered"": ""149"", ""success"": ""True"", ""error_stage"": """", ""error_message_short"": """", ""output_video_filename"": ""render_1765039473.mp4"", ""output_video_duration_seconds"": ""139.4"", ""n_poses_rendered"": ""195"", ""t_total"": ""151.77012550001382"", ""t_download"": ""11.140798000007635"", ""t_extract_audio"": ""0.05980160000035539"", ""t_asr"": ""7.628492899995763"", ""t_text_normalisation"": ""5.789998976979405e-05"", ""t_pose_sequence"": ""5.9600002714432776e-05"", ""t_render"": ""132.88090689999808""}",,C:\Users\marti\Desktop\tfg_teleco\proyectos\EsAppSingLenguageAI\app-back\logs\inputs\input_run_1765039606_18.txt
2025-12-06T16:46:46.935338,19,60,api:youtube,0,150.371971,"{""video_path"":""C:\\Users\\marti\\Desktop\\tfg_teleco\\proyectos\\EsAppSingLenguageAI\\app-back\\mp\\output_mp\\render_1765039624.mp4"",""download_url"":""/download_video/render_1765039624.mp4""}",,"{""timestamp_utc"": ""2025-12-06T16:49:17.244836"", ""request_id"": ""b97ab0ee-90cf-47ef-9d35-e43e98969fd6"", ""endpoint"": ""/transcribe_youtube/"", ""input_type"": ""youtube_url"", ""input_length_seconds"": ""19.063583"", ""text_length_chars"": ""195"", ""n_letters_rendered"": ""149"", ""success"": ""True"", ""error_stage"": """", ""error_message_short"": """", ""output_video_filename"": ""render_1765039624.mp4"", ""output_video_duration_seconds"": ""139.4"", ""n_poses_rendered"": ""195"", ""t_total"": ""150.2946782999934"", ""t_download"": ""9.535386199990171"", ""t_extract_audio"": ""0.05825370000093244"", ""t_asr"": ""7.5993010999955"", ""t_text_normalisation"": ""5.750000127591193e-05"", ""t_pose_sequence"": ""6.299999949987978e-05"", ""t_render"": ""133.0566633999988""}",,C:\Users\marti\Desktop\tfg_teleco\proyectos\EsAppSingLenguageAI\app-back\logs\inputs\input_run_1765039757_19.txt
2025-12-06T16:49:17.321549,20,66,api:youtube,0,160.119462,"{""video_path"":""C:\\Users\\marti\\Desktop\\tfg_teleco\\proyectos\\EsAppSingLenguageAI\\app-back\\mp\\output_mp\\render_1765039774.mp4"",""download_url"":""/download_video/render_1765039774.mp4""}",,"{""timestamp_utc"": ""2025-12-06T16:51:57.366475"", ""request_id"": ""5aa9aa65-60cf-49db-85e5-2449ebeff0a2"", ""endpoint"": ""/transcribe_youtube/"", ""input_type"": ""youtube_url"", ""input_length_seconds"": ""19.063583"", ""text_length_chars"": ""195"", ""n_letters_rendered"": ""149"", ""success"": ""True"", ""error_stage"": """", ""error_message_short"": """", ""output_video_filename"": ""render_1765039774.mp4"", ""output_video_duration_seconds"": ""139.4"", ""n_poses_rendered"": ""195"", ""t_total"": ""160.01874390000012"", ""t_download"": ""9.780784200003836"", ""t_extract_audio"": ""0.056016300004557706"", ""t_asr"": ""7.508108499998343"", ""t_text_normalisation"": ""5.5899989092722535e-05"", ""t_pose_sequence"": ""6.620000931434333e-05"", ""t_render"": ""142.629608800009""}",,C:\Users\marti\Desktop\tfg_teleco\proyectos\EsAppSingLenguageAI\app-back\logs\inputs\input_run_1765039917_20.txt
